Sample,Variant,Chrom,Gene,SNP,FinalCall,Ref,Alt,Pos,Qual,RefCodon,RefAA,AltCodon,AltAA,AAPos,Exon,AF,DP,Conf
18HAxx00x07G8PfF0510_S11,CYTOb:I258M,MT,CYTOb,I258M,WT,,,,,,I,,M,258.0,,,0,2.0
18HAxx00x07G8PfF0510_S11,CYTOb:Y268S,MT,CYTOb,Y268S,WT,,,,,,Y,,S,268.0,,,0,2.0
18HAxx00x07G8PfF0510_S11,CYTOb:Y268C,MT,CYTOb,Y268C,WT,,,,,,Y,,C,268.0,,,0,2.0
18HAxx00x07G8PfF0510_S11,PfCRT:C72S,PfCRT,PfCRT,C72S,C72S,T,A,486.0,13043.77,TGT,C,AGT,S,72.0,exon2,100.0,543,2.0
18HAxx00x07G8PfF0510_S11,PfCRT:M74I,PfCRT,PfCRT,M74I,WT,,,,,,M,,I,74.0,,,561,2.0
18HAxx00x07G8PfF0510_S11,PfCRT:N75E,PfCRT,PfCRT,N75E,WT,,,,,,N,,E,75.0,,,550,2.0
18HAxx00x07G8PfF0510_S11,PfCRT:K76T,PfCRT,PfCRT,K76T,K76T,A,C,499.0,14326.77,AAA,K,ACA,T,76.0,exon2,100.0,555,2.0
18HAxx00x07G8PfF0510_S11,PfCRT:F145I,PfCRT,PfCRT,F145I,WT,,,,,,F,,I,145.0,,,1510,2.0
18HAxx00x07G8PfF0510_S11,PfCRT:A220S,PfCRT,PfCRT,A220S,A220S,G,T,1281.0,11250.77,GCC,A,TCC,S,220.0,exon4,100.0,425,2.0
18HAxx00x07G8PfF0510_S11,PfCRT:Q271E,PfCRT,PfCRT,Q271E,WT,,,,,,Q,,E,271.0,,,702,2.0
18HAxx00x07G8PfF0510_S11,PfCRT:N326S,PfCRT,PfCRT,N326S,WT,,,,,,N,,S,326.0,,,220,2.0
18HAxx00x07G8PfF0510_S11,PfCRT:C350S,PfCRT,PfCRT,C350S,WT,,,,,,C,,S,350.0,,,944,2.0
18HAxx00x07G8PfF0510_S11,PfCRT:I356T,PfCRT,PfCRT,I356T,WT,,,,,,I,,T,356.0,,,897,2.0
18HAxx00x07G8PfF0510_S11,PfCRT:R371I,PfCRT,PfCRT,R371I,WT,,,,,,R,,I,371.0,,,218,2.0
18HAxx00x07G8PfF0510_S11,PfDHFR:N51I,PfDHFR,PfDHFR,N51I,N51I,A,T,152.0,35615.77,AAT,N,ATT,I,51.0,exon1,100.0,1527,2.0
18HAxx00x07G8PfF0510_S11,PfDHFR:C59R,PfDHFR,PfDHFR,C59R,WT,,,,,,C,,R,59.0,,,1354,2.0
18HAxx00x07G8PfF0510_S11,PfDHFR:S108N,PfDHFR,PfDHFR,S108N,S108N,G,A,323.0,36447.77,AGC,S,AAC,N,108.0,exon1,100.0,1348,2.0
18HAxx00x07G8PfF0510_S11,PfDHPS:S436A,PfDHPS,PfDHPS,S436A,WT,,,,,,S,,A,436.0,,,2383,2.0
18HAxx00x07G8PfF0510_S11,PfDHPS:A437G,PfDHPS,PfDHPS,A437G,A437G,"C,G","G,T",1486.0,91683.77,GCG,A,GGT,G,437.0,exon2,100.0,2373,2.0
18HAxx00x07G8PfF0510_S11,PfDHPS:K540E,PfDHPS,PfDHPS,K540E,WT,,,,,,K,,E,540.0,,,1182,2.0
18HAxx00x07G8PfF0510_S11,PfDHPS:A581G,PfDHPS,PfDHPS,A581G,WT,,,,,,A,,G,581.0,,,1636,2.0
18HAxx00x07G8PfF0510_S11,PfDHPS:A613S,PfDHPS,PfDHPS,A613S,WT,,,,,,A,,S,613.0,,,1569,2.0
18HAxx00x07G8PfF0510_S11,PfK13:P441L,PfK13,PfK13,P441L,WT,,,,,,P,,L,441.0,,,0,2.0
18HAxx00x07G8PfF0510_S11,PfK13:F446I,PfK13,PfK13,F446I,WT,,,,,,F,,I,446.0,,,0,2.0
18HAxx00x07G8PfF0510_S11,PfK13:G449A,PfK13,PfK13,G449A,WT,,,,,,G,,A,449.0,,,0,2.0
18HAxx00x07G8PfF0510_S11,PfK13:N458Y,PfK13,PfK13,N458Y,WT,,,,,,N,,Y,458.0,,,0,2.0
18HAxx00x07G8PfF0510_S11,PfK13:C469Y,PfK13,PfK13,C469Y,WT,,,,,,C,,Y,469.0,,,0,2.0
18HAxx00x07G8PfF0510_S11,PfK13:M476I,PfK13,PfK13,M476I,WT,,,,,,M,,I,476.0,,,0,2.0
18HAxx00x07G8PfF0510_S11,PfK13:A481V,PfK13,PfK13,A481V,WT,,,,,,A,,V,481.0,,,0,2.0
18HAxx00x07G8PfF0510_S11,PfK13:Y493H,PfK13,PfK13,Y493H,WT,,,,,,Y,,H,493.0,,,0,2.0
18HAxx00x07G8PfF0510_S11,PfK13:P527H,PfK13,PfK13,P527H,WT,,,,,,P,,H,527.0,,,0,2.0
18HAxx00x07G8PfF0510_S11,PfK13:N537I,PfK13,PfK13,N537I,WT,,,,,,N,,I,537.0,,,0,2.0
18HAxx00x07G8PfF0510_S11,PfK13:G538V,PfK13,PfK13,G538V,WT,,,,,,G,,V,538.0,,,0,2.0
18HAxx00x07G8PfF0510_S11,PfK13:R539T,PfK13,PfK13,R539T,WT,,,,,,R,,T,539.0,,,0,2.0
18HAxx00x07G8PfF0510_S11,PfK13:I543T,PfK13,PfK13,I543T,WT,,,,,,I,,T,543.0,,,0,2.0
18HAxx00x07G8PfF0510_S11,PfK13:P553L,PfK13,PfK13,P553L,WT,,,,,,P,,L,553.0,,,0,2.0
18HAxx00x07G8PfF0510_S11,PfK13:R561H,PfK13,PfK13,R561H,WT,,,,,,R,,H,561.0,,,0,2.0
18HAxx00x07G8PfF0510_S11,PfK13:V568G,PfK13,PfK13,V568G,WT,,,,,,V,,G,568.0,,,0,2.0
18HAxx00x07G8PfF0510_S11,PfK13:P574L,PfK13,PfK13,P574L,WT,,,,,,P,,L,574.0,,,0,2.0
18HAxx00x07G8PfF0510_S11,PfK13:C580Y,PfK13,PfK13,C580Y,WT,,,,,,C,,Y,580.0,,,0,2.0
18HAxx00x07G8PfF0510_S11,PfK13:F673I,PfK13,PfK13,F673I,WT,,,,,,F,,I,673.0,,,0,2.0
18HAxx00x07G8PfF0510_S11,PfK13:A675V,PfK13,PfK13,A675V,WT,,,,,,A,,V,675.0,,,0,2.0
18HAxx00x07G8PfF0510_S11,PfMDR1:N86Y,PfMDR1,PfMDR1,N86Y,WT,,,,,,N,,Y,86.0,,,664,2.0
18HAxx00x07G8PfF0510_S11,PfMDR1:Y184F,PfMDR1,PfMDR1,Y184F,Y184F,A,T,551.0,25744.77,TAT,Y,TTT,F,184.0,exon1,100.0,963,2.0
18HAxx00x07G8PfF0510_S11,PfMDR1:S1034C,PfMDR1,PfMDR1,S1034C,S1034C,A,T,3100.0,45366.77,AGT,S,TGT,C,1034.0,exon1,100.0,1141,2.0
18HAxx00x07G8PfF0510_S11,PfMDR1:N1042D,PfMDR1,PfMDR1,N1042D,N1042D,A,G,3124.0,47338.77,AAT,N,GAT,D,1042.0,exon1,100.0,1137,2.0
18HAxx00x07G8PfF0510_S11,PfMDR1:D1246Y,PfMDR1,PfMDR1,D1246Y,D1246Y,G,T,3736.0,18725.77,GAT,D,TAT,Y,1246.0,exon1,100.0,738,2.0
18HAxx00x0Dd2PfF0510_S16,CYTOb:I258M,MT,CYTOb,I258M,WT,,,,,,I,,M,258.0,,,0,2.0
18HAxx00x0Dd2PfF0510_S16,CYTOb:Y268S,MT,CYTOb,Y268S,WT,,,,,,Y,,S,268.0,,,0,2.0
18HAxx00x0Dd2PfF0510_S16,CYTOb:Y268C,MT,CYTOb,Y268C,WT,,,,,,Y,,C,268.0,,,0,2.0
18HAxx00x0Dd2PfF0510_S16,PfCRT:C72S,PfCRT,PfCRT,C72S,WT,,,,,,C,,S,72.0,,,362,2.0
18HAxx00x0Dd2PfF0510_S16,PfCRT:M74I,PfCRT,PfCRT,M74I,WT,,,,,,M,,I,74.0,,,372,2.0
18HAxx00x0Dd2PfF0510_S16,PfCRT:N75E,PfCRT,PfCRT,N75E,WT,,,,,,N,,E,75.0,,,370,2.0
18HAxx00x0Dd2PfF0510_S16,PfCRT:K76T,PfCRT,PfCRT,K76T,WT,,,,,,K,,T,76.0,,,370,2.0
18HAxx00x0Dd2PfF0510_S16,PfCRT:F145I,PfCRT,PfCRT,F145I,WT,,,,,,F,,I,145.0,,,800,2.0
18HAxx00x0Dd2PfF0510_S16,PfCRT:A220S,PfCRT,PfCRT,A220S,WT,,,,,,A,,S,220.0,,,249,2.0
18HAxx00x0Dd2PfF0510_S16,PfCRT:Q271E,PfCRT,PfCRT,Q271E,WT,,,,,,Q,,E,271.0,,,427,2.0
18HAxx00x0Dd2PfF0510_S16,PfCRT:N326S,PfCRT,PfCRT,N326S,WT,,,,,,N,,S,326.0,,,158,2.0
18HAxx00x0Dd2PfF0510_S16,PfCRT:C350S,PfCRT,PfCRT,C350S,WT,,,,,,C,,S,350.0,,,531,2.0
18HAxx00x0Dd2PfF0510_S16,PfCRT:I356T,PfCRT,PfCRT,I356T,WT,,,,,,I,,T,356.0,,,500,2.0
18HAxx00x0Dd2PfF0510_S16,PfCRT:R371I,PfCRT,PfCRT,R371I,WT,,,,,,R,,I,371.0,,,141,2.0
18HAxx00x0Dd2PfF0510_S16,PfDHFR:N51I,PfDHFR,PfDHFR,N51I,N51I,A,T,152.0,37057.77,AAT,N,ATT,I,51.0,exon1,100.0,1010,2.0
18HAxx00x0Dd2PfF0510_S16,PfDHFR:C59R,PfDHFR,PfDHFR,C59R,C59R,T,C,175.0,35332.77,TGT,C,CGT,R,59.0,exon1,100.0,915,2.0
18HAxx00x0Dd2PfF0510_S16,PfDHFR:S108N,PfDHFR,PfDHFR,S108N,S108N,G,A,323.0,23870.77,AGC,S,AAC,N,108.0,exon1,99.76275207591934,863,2.0
18HAxx00x0Dd2PfF0510_S16,PfDHPS:S436A,PfDHPS,PfDHPS,S436A,S436A,T,G,1482.0,56402.77,TCT,S,GCT,A,436.0,exon2,100.0,1302,2.0
18HAxx00x0Dd2PfF0510_S16,PfDHPS:A437G,PfDHPS,PfDHPS,A437G,WT,,,,,,A,,G,437.0,,,1299,2.0
18HAxx00x0Dd2PfF0510_S16,PfDHPS:K540E,PfDHPS,PfDHPS,K540E,WT,,,,,,K,,E,540.0,,,611,2.0
18HAxx00x0Dd2PfF0510_S16,PfDHPS:A581G,PfDHPS,PfDHPS,A581G,WT,,,,,,A,,G,581.0,,,1000,2.0
18HAxx00x0Dd2PfF0510_S16,PfDHPS:A613S,PfDHPS,PfDHPS,A613S,WT,,,,,,A,,S,613.0,,,1119,2.0
18HAxx00x0Dd2PfF0510_S16,PfK13:P441L,PfK13,PfK13,P441L,WT,,,,,,P,,L,441.0,,,0,2.0
18HAxx00x0Dd2PfF0510_S16,PfK13:F446I,PfK13,PfK13,F446I,WT,,,,,,F,,I,446.0,,,0,2.0
18HAxx00x0Dd2PfF0510_S16,PfK13:G449A,PfK13,PfK13,G449A,WT,,,,,,G,,A,449.0,,,0,2.0
18HAxx00x0Dd2PfF0510_S16,PfK13:N458Y,PfK13,PfK13,N458Y,WT,,,,,,N,,Y,458.0,,,0,2.0
18HAxx00x0Dd2PfF0510_S16,PfK13:C469Y,PfK13,PfK13,C469Y,WT,,,,,,C,,Y,469.0,,,0,2.0
18HAxx00x0Dd2PfF0510_S16,PfK13:M476I,PfK13,PfK13,M476I,WT,,,,,,M,,I,476.0,,,0,2.0
18HAxx00x0Dd2PfF0510_S16,PfK13:A481V,PfK13,PfK13,A481V,WT,,,,,,A,,V,481.0,,,0,2.0
18HAxx00x0Dd2PfF0510_S16,PfK13:Y493H,PfK13,PfK13,Y493H,WT,,,,,,Y,,H,493.0,,,0,2.0
18HAxx00x0Dd2PfF0510_S16,PfK13:P527H,PfK13,PfK13,P527H,WT,,,,,,P,,H,527.0,,,0,2.0
18HAxx00x0Dd2PfF0510_S16,PfK13:N537I,PfK13,PfK13,N537I,WT,,,,,,N,,I,537.0,,,0,2.0
18HAxx00x0Dd2PfF0510_S16,PfK13:G538V,PfK13,PfK13,G538V,WT,,,,,,G,,V,538.0,,,0,2.0
18HAxx00x0Dd2PfF0510_S16,PfK13:R539T,PfK13,PfK13,R539T,WT,,,,,,R,,T,539.0,,,0,2.0
18HAxx00x0Dd2PfF0510_S16,PfK13:I543T,PfK13,PfK13,I543T,WT,,,,,,I,,T,543.0,,,0,2.0
18HAxx00x0Dd2PfF0510_S16,PfK13:P553L,PfK13,PfK13,P553L,WT,,,,,,P,,L,553.0,,,0,2.0
18HAxx00x0Dd2PfF0510_S16,PfK13:R561H,PfK13,PfK13,R561H,WT,,,,,,R,,H,561.0,,,0,2.0
18HAxx00x0Dd2PfF0510_S16,PfK13:V568G,PfK13,PfK13,V568G,WT,,,,,,V,,G,568.0,,,0,2.0
18HAxx00x0Dd2PfF0510_S16,PfK13:P574L,PfK13,PfK13,P574L,WT,,,,,,P,,L,574.0,,,0,2.0
18HAxx00x0Dd2PfF0510_S16,PfK13:C580Y,PfK13,PfK13,C580Y,WT,,,,,,C,,Y,580.0,,,0,2.0
18HAxx00x0Dd2PfF0510_S16,PfK13:F673I,PfK13,PfK13,F673I,WT,,,,,,F,,I,673.0,,,0,2.0
18HAxx00x0Dd2PfF0510_S16,PfK13:A675V,PfK13,PfK13,A675V,WT,,,,,,A,,V,675.0,,,0,2.0
18HAxx00x0Dd2PfF0510_S16,PfMDR1:N86Y,PfMDR1,PfMDR1,N86Y,WT,,,,,,N,,Y,86.0,,,447,2.0
18HAxx00x0Dd2PfF0510_S16,PfMDR1:Y184F,PfMDR1,PfMDR1,Y184F,WT,,,,,,Y,,F,184.0,,,691,2.0
18HAxx00x0Dd2PfF0510_S16,PfMDR1:S1034C,PfMDR1,PfMDR1,S1034C,WT,,,,,,S,,C,1034.0,,,683,2.0
18HAxx00x0Dd2PfF0510_S16,PfMDR1:N1042D,PfMDR1,PfMDR1,N1042D,WT,,,,,,N,,D,1042.0,,,679,2.0
18HAxx00x0Dd2PfF0510_S16,PfMDR1:D1246Y,PfMDR1,PfMDR1,D1246Y,WT,,,,,,D,,Y,1246.0,,,541,2.0
18HAxx00x0HB3PfF0510_S9,CYTOb:I258M,MT,CYTOb,I258M,WT,,,,,,I,,M,258.0,,,0,2.0
18HAxx00x0HB3PfF0510_S9,CYTOb:Y268S,MT,CYTOb,Y268S,WT,,,,,,Y,,S,268.0,,,0,2.0
18HAxx00x0HB3PfF0510_S9,CYTOb:Y268C,MT,CYTOb,Y268C,WT,,,,,,Y,,C,268.0,,,0,2.0
18HAxx00x0HB3PfF0510_S9,PfCRT:C72S,PfCRT,PfCRT,C72S,WT,,,,,,C,,S,72.0,,,573,2.0
18HAxx00x0HB3PfF0510_S9,PfCRT:M74I,PfCRT,PfCRT,M74I,WT,,,,,,M,,I,74.0,,,578,2.0
18HAxx00x0HB3PfF0510_S9,PfCRT:N75E,PfCRT,PfCRT,N75E,WT,,,,,,N,,E,75.0,,,567,2.0
18HAxx00x0HB3PfF0510_S9,PfCRT:K76T,PfCRT,PfCRT,K76T,WT,,,,,,K,,T,76.0,,,569,2.0
18HAxx00x0HB3PfF0510_S9,PfCRT:F145I,PfCRT,PfCRT,F145I,WT,,,,,,F,,I,145.0,,,1117,2.0
18HAxx00x0HB3PfF0510_S9,PfCRT:A220S,PfCRT,PfCRT,A220S,WT,,,,,,A,,S,220.0,,,461,2.0
18HAxx00x0HB3PfF0510_S9,PfCRT:Q271E,PfCRT,PfCRT,Q271E,WT,,,,,,Q,,E,271.0,,,813,2.0
18HAxx00x0HB3PfF0510_S9,PfCRT:N326S,PfCRT,PfCRT,N326S,WT,,,,,,N,,S,326.0,,,209,2.0
18HAxx00x0HB3PfF0510_S9,PfCRT:C350S,PfCRT,PfCRT,C350S,WT,,,,,,C,,S,350.0,,,703,2.0
18HAxx00x0HB3PfF0510_S9,PfCRT:I356T,PfCRT,PfCRT,I356T,WT,,,,,,I,,T,356.0,,,645,2.0
18HAxx00x0HB3PfF0510_S9,PfCRT:R371I,PfCRT,PfCRT,R371I,WT,,,,,,R,,I,371.0,,,163,2.0
18HAxx00x0HB3PfF0510_S9,PfDHFR:N51I,PfDHFR,PfDHFR,N51I,WT,,,,,,N,,I,51.0,,,1413,2.0
18HAxx00x0HB3PfF0510_S9,PfDHFR:C59R,PfDHFR,PfDHFR,C59R,WT,,,,,,C,,R,59.0,,,1247,2.0
18HAxx00x0HB3PfF0510_S9,PfDHFR:S108N,PfDHFR,PfDHFR,S108N,S108N,G,A,323.0,34389.77,AGC,S,AAC,N,108.0,exon1,100.0,1207,2.0
18HAxx00x0HB3PfF0510_S9,PfDHPS:S436A,PfDHPS,PfDHPS,S436A,WT,,,,,,S,,A,436.0,,,3,2.0
18HAxx00x0HB3PfF0510_S9,PfDHPS:A437G,PfDHPS,PfDHPS,A437G,WT,,,,,,A,,G,437.0,,,3,2.0
18HAxx00x0HB3PfF0510_S9,PfDHPS:K540E,PfDHPS,PfDHPS,K540E,WT,,,,,,K,,E,540.0,,,0,2.0
18HAxx00x0HB3PfF0510_S9,PfDHPS:A581G,PfDHPS,PfDHPS,A581G,WT,,,,,,A,,G,581.0,,,0,2.0
18HAxx00x0HB3PfF0510_S9,PfDHPS:A613S,PfDHPS,PfDHPS,A613S,WT,,,,,,A,,S,613.0,,,0,2.0
18HAxx00x0HB3PfF0510_S9,PfK13:P441L,PfK13,PfK13,P441L,WT,,,,,,P,,L,441.0,,,0,2.0
18HAxx00x0HB3PfF0510_S9,PfK13:F446I,PfK13,PfK13,F446I,WT,,,,,,F,,I,446.0,,,0,2.0
18HAxx00x0HB3PfF0510_S9,PfK13:G449A,PfK13,PfK13,G449A,WT,,,,,,G,,A,449.0,,,0,2.0
18HAxx00x0HB3PfF0510_S9,PfK13:N458Y,PfK13,PfK13,N458Y,WT,,,,,,N,,Y,458.0,,,0,2.0
18HAxx00x0HB3PfF0510_S9,PfK13:C469Y,PfK13,PfK13,C469Y,WT,,,,,,C,,Y,469.0,,,0,2.0
18HAxx00x0HB3PfF0510_S9,PfK13:M476I,PfK13,PfK13,M476I,WT,,,,,,M,,I,476.0,,,0,2.0
18HAxx00x0HB3PfF0510_S9,PfK13:A481V,PfK13,PfK13,A481V,WT,,,,,,A,,V,481.0,,,0,2.0
18HAxx00x0HB3PfF0510_S9,PfK13:Y493H,PfK13,PfK13,Y493H,WT,,,,,,Y,,H,493.0,,,0,2.0
18HAxx00x0HB3PfF0510_S9,PfK13:P527H,PfK13,PfK13,P527H,WT,,,,,,P,,H,527.0,,,0,2.0
18HAxx00x0HB3PfF0510_S9,PfK13:N537I,PfK13,PfK13,N537I,WT,,,,,,N,,I,537.0,,,0,2.0
18HAxx00x0HB3PfF0510_S9,PfK13:G538V,PfK13,PfK13,G538V,WT,,,,,,G,,V,538.0,,,0,2.0
18HAxx00x0HB3PfF0510_S9,PfK13:R539T,PfK13,PfK13,R539T,WT,,,,,,R,,T,539.0,,,0,2.0
18HAxx00x0HB3PfF0510_S9,PfK13:I543T,PfK13,PfK13,I543T,WT,,,,,,I,,T,543.0,,,0,2.0
18HAxx00x0HB3PfF0510_S9,PfK13:P553L,PfK13,PfK13,P553L,WT,,,,,,P,,L,553.0,,,0,2.0
18HAxx00x0HB3PfF0510_S9,PfK13:R561H,PfK13,PfK13,R561H,WT,,,,,,R,,H,561.0,,,0,2.0
18HAxx00x0HB3PfF0510_S9,PfK13:V568G,PfK13,PfK13,V568G,WT,,,,,,V,,G,568.0,,,0,2.0
18HAxx00x0HB3PfF0510_S9,PfK13:P574L,PfK13,PfK13,P574L,WT,,,,,,P,,L,574.0,,,0,2.0
18HAxx00x0HB3PfF0510_S9,PfK13:C580Y,PfK13,PfK13,C580Y,WT,,,,,,C,,Y,580.0,,,0,2.0
18HAxx00x0HB3PfF0510_S9,PfK13:F673I,PfK13,PfK13,F673I,WT,,,,,,F,,I,673.0,,,0,2.0
18HAxx00x0HB3PfF0510_S9,PfK13:A675V,PfK13,PfK13,A675V,WT,,,,,,A,,V,675.0,,,0,2.0
18HAxx00x0HB3PfF0510_S9,PfMDR1:N86Y,PfMDR1,PfMDR1,N86Y,WT,,,,,,N,,Y,86.0,,,680,2.0
18HAxx00x0HB3PfF0510_S9,PfMDR1:Y184F,PfMDR1,PfMDR1,Y184F,Y184F,A,T,551.0,33953.77,TAT,Y,TTT,F,184.0,exon1,100.0,1191,2.0
18HAxx00x0HB3PfF0510_S9,PfMDR1:S1034C,PfMDR1,PfMDR1,S1034C,WT,,,,,,S,,C,1034.0,,,944,2.0
18HAxx00x0HB3PfF0510_S9,PfMDR1:N1042D,PfMDR1,PfMDR1,N1042D,N1042D,A,G,3124.0,27044.77,AAT,N,GAT,D,1042.0,exon1,100.0,936,2.0
18HAxx00x0HB3PfF0510_S9,PfMDR1:D1246Y,PfMDR1,PfMDR1,D1246Y,WT,,,,,,D,,Y,1246.0,,,718,2.0
18HAxx00x23D7PfF0510_S5,CYTOb:I258M,MT,CYTOb,I258M,WT,,,,,,I,,M,258.0,,,0,2.0
18HAxx00x23D7PfF0510_S5,CYTOb:Y268S,MT,CYTOb,Y268S,WT,,,,,,Y,,S,268.0,,,0,2.0
18HAxx00x23D7PfF0510_S5,CYTOb:Y268C,MT,CYTOb,Y268C,WT,,,,,,Y,,C,268.0,,,0,2.0
18HAxx00x23D7PfF0510_S5,PfCRT:C72S,PfCRT,PfCRT,C72S,WT,,,,,,C,,S,72.0,,,892,2.0
18HAxx00x23D7PfF0510_S5,PfCRT:M74I,PfCRT,PfCRT,M74I,WT,,,,,,M,,I,74.0,,,879,2.0
18HAxx00x23D7PfF0510_S5,PfCRT:N75E,PfCRT,PfCRT,N75E,WT,,,,,,N,,E,75.0,,,869,2.0
18HAxx00x23D7PfF0510_S5,PfCRT:K76T,PfCRT,PfCRT,K76T,WT,,,,,,K,,T,76.0,,,869,2.0
18HAxx00x23D7PfF0510_S5,PfCRT:F145I,PfCRT,PfCRT,F145I,WT,,,,,,F,,I,145.0,,,1819,2.0
18HAxx00x23D7PfF0510_S5,PfCRT:A220S,PfCRT,PfCRT,A220S,WT,,,,,,A,,S,220.0,,,477,2.0
18HAxx00x23D7PfF0510_S5,PfCRT:Q271E,PfCRT,PfCRT,Q271E,WT,,,,,,Q,,E,271.0,,,1013,2.0
18HAxx00x23D7PfF0510_S5,PfCRT:N326S,PfCRT,PfCRT,N326S,WT,,,,,,N,,S,326.0,,,427,2.0
18HAxx00x23D7PfF0510_S5,PfCRT:C350S,PfCRT,PfCRT,C350S,WT,,,,,,C,,S,350.0,,,1102,2.0
18HAxx00x23D7PfF0510_S5,PfCRT:I356T,PfCRT,PfCRT,I356T,WT,,,,,,I,,T,356.0,,,1015,2.0
18HAxx00x23D7PfF0510_S5,PfCRT:R371I,PfCRT,PfCRT,R371I,WT,,,,,,R,,I,371.0,,,350,2.0
18HAxx00x23D7PfF0510_S5,PfDHFR:N51I,PfDHFR,PfDHFR,N51I,WT,,,,,,N,,I,51.0,,,2457,2.0
18HAxx00x23D7PfF0510_S5,PfDHFR:C59R,PfDHFR,PfDHFR,C59R,WT,,,,,,C,,R,59.0,,,2201,2.0
18HAxx00x23D7PfF0510_S5,PfDHFR:S108N,PfDHFR,PfDHFR,S108N,WT,,,,,,S,,N,108.0,,,2146,2.0
18HAxx00x23D7PfF0510_S5,PfDHPS:S436A,PfDHPS,PfDHPS,S436A,WT,,,,,,S,,A,436.0,,,48,2.0
18HAxx00x23D7PfF0510_S5,PfDHPS:A437G,PfDHPS,PfDHPS,A437G,A437G,"C,G","G,T",1486.0,2216.77,GCG,A,GGT,G,437.0,exon2,100.0,51,2.0
18HAxx00x23D7PfF0510_S5,PfDHPS:K540E,PfDHPS,PfDHPS,K540E,WT,,,,,,K,,E,540.0,,,18,2.0
18HAxx00x23D7PfF0510_S5,PfDHPS:A581G,PfDHPS,PfDHPS,A581G,WT,,,,,,A,,G,581.0,,,50,2.0
18HAxx00x23D7PfF0510_S5,PfDHPS:A613S,PfDHPS,PfDHPS,A613S,WT,,,,,,A,,S,613.0,,,52,2.0
18HAxx00x23D7PfF0510_S5,PfK13:P441L,PfK13,PfK13,P441L,WT,,,,,,P,,L,441.0,,,0,2.0
18HAxx00x23D7PfF0510_S5,PfK13:F446I,PfK13,PfK13,F446I,WT,,,,,,F,,I,446.0,,,0,2.0
18HAxx00x23D7PfF0510_S5,PfK13:G449A,PfK13,PfK13,G449A,WT,,,,,,G,,A,449.0,,,0,2.0
18HAxx00x23D7PfF0510_S5,PfK13:N458Y,PfK13,PfK13,N458Y,WT,,,,,,N,,Y,458.0,,,0,2.0
18HAxx00x23D7PfF0510_S5,PfK13:C469Y,PfK13,PfK13,C469Y,WT,,,,,,C,,Y,469.0,,,0,2.0
18HAxx00x23D7PfF0510_S5,PfK13:M476I,PfK13,PfK13,M476I,WT,,,,,,M,,I,476.0,,,0,2.0
18HAxx00x23D7PfF0510_S5,PfK13:A481V,PfK13,PfK13,A481V,WT,,,,,,A,,V,481.0,,,0,2.0
18HAxx00x23D7PfF0510_S5,PfK13:Y493H,PfK13,PfK13,Y493H,WT,,,,,,Y,,H,493.0,,,0,2.0
18HAxx00x23D7PfF0510_S5,PfK13:P527H,PfK13,PfK13,P527H,WT,,,,,,P,,H,527.0,,,0,2.0
18HAxx00x23D7PfF0510_S5,PfK13:N537I,PfK13,PfK13,N537I,WT,,,,,,N,,I,537.0,,,0,2.0
18HAxx00x23D7PfF0510_S5,PfK13:G538V,PfK13,PfK13,G538V,WT,,,,,,G,,V,538.0,,,0,2.0
18HAxx00x23D7PfF0510_S5,PfK13:R539T,PfK13,PfK13,R539T,WT,,,,,,R,,T,539.0,,,0,2.0
18HAxx00x23D7PfF0510_S5,PfK13:I543T,PfK13,PfK13,I543T,WT,,,,,,I,,T,543.0,,,0,2.0
18HAxx00x23D7PfF0510_S5,PfK13:P553L,PfK13,PfK13,P553L,WT,,,,,,P,,L,553.0,,,0,2.0
18HAxx00x23D7PfF0510_S5,PfK13:R561H,PfK13,PfK13,R561H,WT,,,,,,R,,H,561.0,,,0,2.0
18HAxx00x23D7PfF0510_S5,PfK13:V568G,PfK13,PfK13,V568G,WT,,,,,,V,,G,568.0,,,0,2.0
18HAxx00x23D7PfF0510_S5,PfK13:P574L,PfK13,PfK13,P574L,WT,,,,,,P,,L,574.0,,,0,2.0
18HAxx00x23D7PfF0510_S5,PfK13:C580Y,PfK13,PfK13,C580Y,WT,,,,,,C,,Y,580.0,,,0,2.0
18HAxx00x23D7PfF0510_S5,PfK13:F673I,PfK13,PfK13,F673I,WT,,,,,,F,,I,673.0,,,0,2.0
18HAxx00x23D7PfF0510_S5,PfK13:A675V,PfK13,PfK13,A675V,WT,,,,,,A,,V,675.0,,,0,2.0
18HAxx00x23D7PfF0510_S5,PfMDR1:N86Y,PfMDR1,PfMDR1,N86Y,WT,,,,,,N,,Y,86.0,,,1060,2.0
18HAxx00x23D7PfF0510_S5,PfMDR1:Y184F,PfMDR1,PfMDR1,Y184F,WT,,,,,,Y,,F,184.0,,,1591,2.0
18HAxx00x23D7PfF0510_S5,PfMDR1:S1034C,PfMDR1,PfMDR1,S1034C,WT,,,,,,S,,C,1034.0,,,1394,2.0
18HAxx00x23D7PfF0510_S5,PfMDR1:N1042D,PfMDR1,PfMDR1,N1042D,WT,,,,,,N,,D,1042.0,,,1324,2.0
18HAxx00x23D7PfF0510_S5,PfMDR1:D1246Y,PfMDR1,PfMDR1,D1246Y,WT,,,,,,D,,Y,1246.0,,,1303,2.0
18HAxx00xneg2PfF0510_S2,CYTOb:I258M,MT,CYTOb,I258M,WT,,,,,,I,,M,258.0,,,0,2.0
18HAxx00xneg2PfF0510_S2,CYTOb:Y268S,MT,CYTOb,Y268S,WT,,,,,,Y,,S,268.0,,,0,2.0
18HAxx00xneg2PfF0510_S2,CYTOb:Y268C,MT,CYTOb,Y268C,WT,,,,,,Y,,C,268.0,,,0,2.0
18HAxx00xneg2PfF0510_S2,PfCRT:C72S,PfCRT,PfCRT,C72S,WT,,,,,,C,,S,72.0,,,0,2.0
18HAxx00xneg2PfF0510_S2,PfCRT:M74I,PfCRT,PfCRT,M74I,WT,,,,,,M,,I,74.0,,,0,2.0
18HAxx00xneg2PfF0510_S2,PfCRT:N75E,PfCRT,PfCRT,N75E,WT,,,,,,N,,E,75.0,,,0,2.0
18HAxx00xneg2PfF0510_S2,PfCRT:K76T,PfCRT,PfCRT,K76T,WT,,,,,,K,,T,76.0,,,0,2.0
18HAxx00xneg2PfF0510_S2,PfCRT:F145I,PfCRT,PfCRT,F145I,WT,,,,,,F,,I,145.0,,,0,2.0
18HAxx00xneg2PfF0510_S2,PfCRT:A220S,PfCRT,PfCRT,A220S,WT,,,,,,A,,S,220.0,,,0,2.0
18HAxx00xneg2PfF0510_S2,PfCRT:Q271E,PfCRT,PfCRT,Q271E,WT,,,,,,Q,,E,271.0,,,0,2.0
18HAxx00xneg2PfF0510_S2,PfCRT:N326S,PfCRT,PfCRT,N326S,WT,,,,,,N,,S,326.0,,,0,2.0
18HAxx00xneg2PfF0510_S2,PfCRT:C350S,PfCRT,PfCRT,C350S,WT,,,,,,C,,S,350.0,,,0,2.0
18HAxx00xneg2PfF0510_S2,PfCRT:I356T,PfCRT,PfCRT,I356T,WT,,,,,,I,,T,356.0,,,0,2.0
18HAxx00xneg2PfF0510_S2,PfCRT:R371I,PfCRT,PfCRT,R371I,WT,,,,,,R,,I,371.0,,,0,2.0
18HAxx00xneg2PfF0510_S2,PfDHFR:N51I,PfDHFR,PfDHFR,N51I,WT,,,,,,N,,I,51.0,,,0,2.0
18HAxx00xneg2PfF0510_S2,PfDHFR:C59R,PfDHFR,PfDHFR,C59R,WT,,,,,,C,,R,59.0,,,0,2.0
18HAxx00xneg2PfF0510_S2,PfDHFR:S108N,PfDHFR,PfDHFR,S108N,WT,,,,,,S,,N,108.0,,,0,2.0
18HAxx00xneg2PfF0510_S2,PfDHPS:S436A,PfDHPS,PfDHPS,S436A,WT,,,,,,S,,A,436.0,,,0,2.0
18HAxx00xneg2PfF0510_S2,PfDHPS:A437G,PfDHPS,PfDHPS,A437G,WT,,,,,,A,,G,437.0,,,0,2.0
18HAxx00xneg2PfF0510_S2,PfDHPS:K540E,PfDHPS,PfDHPS,K540E,WT,,,,,,K,,E,540.0,,,0,2.0
18HAxx00xneg2PfF0510_S2,PfDHPS:A581G,PfDHPS,PfDHPS,A581G,WT,,,,,,A,,G,581.0,,,0,2.0
18HAxx00xneg2PfF0510_S2,PfDHPS:A613S,PfDHPS,PfDHPS,A613S,WT,,,,,,A,,S,613.0,,,0,2.0
18HAxx00xneg2PfF0510_S2,PfK13:P441L,PfK13,PfK13,P441L,WT,,,,,,P,,L,441.0,,,0,2.0
18HAxx00xneg2PfF0510_S2,PfK13:F446I,PfK13,PfK13,F446I,WT,,,,,,F,,I,446.0,,,0,2.0
18HAxx00xneg2PfF0510_S2,PfK13:G449A,PfK13,PfK13,G449A,WT,,,,,,G,,A,449.0,,,0,2.0
18HAxx00xneg2PfF0510_S2,PfK13:N458Y,PfK13,PfK13,N458Y,WT,,,,,,N,,Y,458.0,,,0,2.0
18HAxx00xneg2PfF0510_S2,PfK13:C469Y,PfK13,PfK13,C469Y,WT,,,,,,C,,Y,469.0,,,0,2.0
18HAxx00xneg2PfF0510_S2,PfK13:M476I,PfK13,PfK13,M476I,WT,,,,,,M,,I,476.0,,,0,2.0
18HAxx00xneg2PfF0510_S2,PfK13:A481V,PfK13,PfK13,A481V,WT,,,,,,A,,V,481.0,,,0,2.0
18HAxx00xneg2PfF0510_S2,PfK13:Y493H,PfK13,PfK13,Y493H,WT,,,,,,Y,,H,493.0,,,0,2.0
18HAxx00xneg2PfF0510_S2,PfK13:P527H,PfK13,PfK13,P527H,WT,,,,,,P,,H,527.0,,,0,2.0
18HAxx00xneg2PfF0510_S2,PfK13:N537I,PfK13,PfK13,N537I,WT,,,,,,N,,I,537.0,,,0,2.0
18HAxx00xneg2PfF0510_S2,PfK13:G538V,PfK13,PfK13,G538V,WT,,,,,,G,,V,538.0,,,0,2.0
18HAxx00xneg2PfF0510_S2,PfK13:R539T,PfK13,PfK13,R539T,WT,,,,,,R,,T,539.0,,,0,2.0
18HAxx00xneg2PfF0510_S2,PfK13:I543T,PfK13,PfK13,I543T,WT,,,,,,I,,T,543.0,,,0,2.0
18HAxx00xneg2PfF0510_S2,PfK13:P553L,PfK13,PfK13,P553L,WT,,,,,,P,,L,553.0,,,0,2.0
18HAxx00xneg2PfF0510_S2,PfK13:R561H,PfK13,PfK13,R561H,WT,,,,,,R,,H,561.0,,,0,2.0
18HAxx00xneg2PfF0510_S2,PfK13:V568G,PfK13,PfK13,V568G,WT,,,,,,V,,G,568.0,,,0,2.0
18HAxx00xneg2PfF0510_S2,PfK13:P574L,PfK13,PfK13,P574L,WT,,,,,,P,,L,574.0,,,0,2.0
18HAxx00xneg2PfF0510_S2,PfK13:C580Y,PfK13,PfK13,C580Y,WT,,,,,,C,,Y,580.0,,,0,2.0
18HAxx00xneg2PfF0510_S2,PfK13:F673I,PfK13,PfK13,F673I,WT,,,,,,F,,I,673.0,,,0,2.0
18HAxx00xneg2PfF0510_S2,PfK13:A675V,PfK13,PfK13,A675V,WT,,,,,,A,,V,675.0,,,0,2.0
18HAxx00xneg2PfF0510_S2,PfMDR1:N86Y,PfMDR1,PfMDR1,N86Y,WT,,,,,,N,,Y,86.0,,,0,2.0
18HAxx00xneg2PfF0510_S2,PfMDR1:Y184F,PfMDR1,PfMDR1,Y184F,WT,,,,,,Y,,F,184.0,,,0,2.0
18HAxx00xneg2PfF0510_S2,PfMDR1:S1034C,PfMDR1,PfMDR1,S1034C,WT,,,,,,S,,C,1034.0,,,0,2.0
18HAxx00xneg2PfF0510_S2,PfMDR1:N1042D,PfMDR1,PfMDR1,N1042D,WT,,,,,,N,,D,1042.0,,,0,2.0
18HAxx00xneg2PfF0510_S2,PfMDR1:D1246Y,PfMDR1,PfMDR1,D1246Y,WT,,,,,,D,,Y,1246.0,,,0,2.0
18HAxx00xneg3PfF0510_S14,CYTOb:I258M,MT,CYTOb,I258M,WT,,,,,,I,,M,258.0,,,0,2.0
18HAxx00xneg3PfF0510_S14,CYTOb:Y268S,MT,CYTOb,Y268S,WT,,,,,,Y,,S,268.0,,,0,2.0
18HAxx00xneg3PfF0510_S14,CYTOb:Y268C,MT,CYTOb,Y268C,WT,,,,,,Y,,C,268.0,,,0,2.0
18HAxx00xneg3PfF0510_S14,PfCRT:C72S,PfCRT,PfCRT,C72S,WT,,,,,,C,,S,72.0,,,0,2.0
18HAxx00xneg3PfF0510_S14,PfCRT:M74I,PfCRT,PfCRT,M74I,WT,,,,,,M,,I,74.0,,,0,2.0
18HAxx00xneg3PfF0510_S14,PfCRT:N75E,PfCRT,PfCRT,N75E,WT,,,,,,N,,E,75.0,,,0,2.0
18HAxx00xneg3PfF0510_S14,PfCRT:K76T,PfCRT,PfCRT,K76T,WT,,,,,,K,,T,76.0,,,0,2.0
18HAxx00xneg3PfF0510_S14,PfCRT:F145I,PfCRT,PfCRT,F145I,WT,,,,,,F,,I,145.0,,,0,2.0
18HAxx00xneg3PfF0510_S14,PfCRT:A220S,PfCRT,PfCRT,A220S,WT,,,,,,A,,S,220.0,,,0,2.0
18HAxx00xneg3PfF0510_S14,PfCRT:Q271E,PfCRT,PfCRT,Q271E,WT,,,,,,Q,,E,271.0,,,0,2.0
18HAxx00xneg3PfF0510_S14,PfCRT:N326S,PfCRT,PfCRT,N326S,WT,,,,,,N,,S,326.0,,,0,2.0
18HAxx00xneg3PfF0510_S14,PfCRT:C350S,PfCRT,PfCRT,C350S,WT,,,,,,C,,S,350.0,,,0,2.0
18HAxx00xneg3PfF0510_S14,PfCRT:I356T,PfCRT,PfCRT,I356T,WT,,,,,,I,,T,356.0,,,0,2.0
18HAxx00xneg3PfF0510_S14,PfCRT:R371I,PfCRT,PfCRT,R371I,WT,,,,,,R,,I,371.0,,,0,2.0
18HAxx00xneg3PfF0510_S14,PfDHFR:N51I,PfDHFR,PfDHFR,N51I,WT,,,,,,N,,I,51.0,,,0,2.0
18HAxx00xneg3PfF0510_S14,PfDHFR:C59R,PfDHFR,PfDHFR,C59R,WT,,,,,,C,,R,59.0,,,0,2.0
18HAxx00xneg3PfF0510_S14,PfDHFR:S108N,PfDHFR,PfDHFR,S108N,WT,,,,,,S,,N,108.0,,,0,2.0
18HAxx00xneg3PfF0510_S14,PfDHPS:S436A,PfDHPS,PfDHPS,S436A,WT,,,,,,S,,A,436.0,,,0,2.0
18HAxx00xneg3PfF0510_S14,PfDHPS:A437G,PfDHPS,PfDHPS,A437G,WT,,,,,,A,,G,437.0,,,0,2.0
18HAxx00xneg3PfF0510_S14,PfDHPS:K540E,PfDHPS,PfDHPS,K540E,WT,,,,,,K,,E,540.0,,,0,2.0
18HAxx00xneg3PfF0510_S14,PfDHPS:A581G,PfDHPS,PfDHPS,A581G,WT,,,,,,A,,G,581.0,,,0,2.0
18HAxx00xneg3PfF0510_S14,PfDHPS:A613S,PfDHPS,PfDHPS,A613S,WT,,,,,,A,,S,613.0,,,0,2.0
18HAxx00xneg3PfF0510_S14,PfK13:P441L,PfK13,PfK13,P441L,WT,,,,,,P,,L,441.0,,,0,2.0
18HAxx00xneg3PfF0510_S14,PfK13:F446I,PfK13,PfK13,F446I,WT,,,,,,F,,I,446.0,,,0,2.0
18HAxx00xneg3PfF0510_S14,PfK13:G449A,PfK13,PfK13,G449A,WT,,,,,,G,,A,449.0,,,0,2.0
18HAxx00xneg3PfF0510_S14,PfK13:N458Y,PfK13,PfK13,N458Y,WT,,,,,,N,,Y,458.0,,,0,2.0
18HAxx00xneg3PfF0510_S14,PfK13:C469Y,PfK13,PfK13,C469Y,WT,,,,,,C,,Y,469.0,,,0,2.0
18HAxx00xneg3PfF0510_S14,PfK13:M476I,PfK13,PfK13,M476I,WT,,,,,,M,,I,476.0,,,0,2.0
18HAxx00xneg3PfF0510_S14,PfK13:A481V,PfK13,PfK13,A481V,WT,,,,,,A,,V,481.0,,,0,2.0
18HAxx00xneg3PfF0510_S14,PfK13:Y493H,PfK13,PfK13,Y493H,WT,,,,,,Y,,H,493.0,,,0,2.0
18HAxx00xneg3PfF0510_S14,PfK13:P527H,PfK13,PfK13,P527H,WT,,,,,,P,,H,527.0,,,0,2.0
18HAxx00xneg3PfF0510_S14,PfK13:N537I,PfK13,PfK13,N537I,WT,,,,,,N,,I,537.0,,,0,2.0
18HAxx00xneg3PfF0510_S14,PfK13:G538V,PfK13,PfK13,G538V,WT,,,,,,G,,V,538.0,,,0,2.0
18HAxx00xneg3PfF0510_S14,PfK13:R539T,PfK13,PfK13,R539T,WT,,,,,,R,,T,539.0,,,0,2.0
18HAxx00xneg3PfF0510_S14,PfK13:I543T,PfK13,PfK13,I543T,WT,,,,,,I,,T,543.0,,,0,2.0
18HAxx00xneg3PfF0510_S14,PfK13:P553L,PfK13,PfK13,P553L,WT,,,,,,P,,L,553.0,,,0,2.0
18HAxx00xneg3PfF0510_S14,PfK13:R561H,PfK13,PfK13,R561H,WT,,,,,,R,,H,561.0,,,0,2.0
18HAxx00xneg3PfF0510_S14,PfK13:V568G,PfK13,PfK13,V568G,WT,,,,,,V,,G,568.0,,,0,2.0
18HAxx00xneg3PfF0510_S14,PfK13:P574L,PfK13,PfK13,P574L,WT,,,,,,P,,L,574.0,,,0,2.0
18HAxx00xneg3PfF0510_S14,PfK13:C580Y,PfK13,PfK13,C580Y,WT,,,,,,C,,Y,580.0,,,0,2.0
18HAxx00xneg3PfF0510_S14,PfK13:F673I,PfK13,PfK13,F673I,WT,,,,,,F,,I,673.0,,,0,2.0
18HAxx00xneg3PfF0510_S14,PfK13:A675V,PfK13,PfK13,A675V,WT,,,,,,A,,V,675.0,,,0,2.0
18HAxx00xneg3PfF0510_S14,PfMDR1:N86Y,PfMDR1,PfMDR1,N86Y,WT,,,,,,N,,Y,86.0,,,0,2.0
18HAxx00xneg3PfF0510_S14,PfMDR1:Y184F,PfMDR1,PfMDR1,Y184F,WT,,,,,,Y,,F,184.0,,,0,2.0
18HAxx00xneg3PfF0510_S14,PfMDR1:S1034C,PfMDR1,PfMDR1,S1034C,WT,,,,,,S,,C,1034.0,,,0,2.0
18HAxx00xneg3PfF0510_S14,PfMDR1:N1042D,PfMDR1,PfMDR1,N1042D,WT,,,,,,N,,D,1042.0,,,0,2.0
18HAxx00xneg3PfF0510_S14,PfMDR1:D1246Y,PfMDR1,PfMDR1,D1246Y,WT,,,,,,D,,Y,1246.0,,,0,2.0
18HAxx00xs001PfF0510_S1,CYTOb:I258M,MT,CYTOb,I258M,WT,,,,,,I,,M,258.0,,,0,2.0
18HAxx00xs001PfF0510_S1,CYTOb:Y268S,MT,CYTOb,Y268S,WT,,,,,,Y,,S,268.0,,,0,2.0
18HAxx00xs001PfF0510_S1,CYTOb:Y268C,MT,CYTOb,Y268C,WT,,,,,,Y,,C,268.0,,,0,2.0
18HAxx00xs001PfF0510_S1,PfCRT:C72S,PfCRT,PfCRT,C72S,WT,,,,,,C,,S,72.0,,,613,2.0
18HAxx00xs001PfF0510_S1,PfCRT:M74I,PfCRT,PfCRT,M74I,WT,,,,,,M,,I,74.0,,,631,2.0
18HAxx00xs001PfF0510_S1,PfCRT:N75E,PfCRT,PfCRT,N75E,WT,,,,,,N,,E,75.0,,,624,2.0
18HAxx00xs001PfF0510_S1,PfCRT:K76T,PfCRT,PfCRT,K76T,WT,,,,,,K,,T,76.0,,,631,2.0
18HAxx00xs001PfF0510_S1,PfCRT:F145I,PfCRT,PfCRT,F145I,WT,,,,,,F,,I,145.0,,,1049,2.0
18HAxx00xs001PfF0510_S1,PfCRT:A220S,PfCRT,PfCRT,A220S,WT,,,,,,A,,S,220.0,,,334,2.0
18HAxx00xs001PfF0510_S1,PfCRT:Q271E,PfCRT,PfCRT,Q271E,WT,,,,,,Q,,E,271.0,,,636,2.0
18HAxx00xs001PfF0510_S1,PfCRT:N326S,PfCRT,PfCRT,N326S,WT,,,,,,N,,S,326.0,,,257,2.0
18HAxx00xs001PfF0510_S1,PfCRT:C350S,PfCRT,PfCRT,C350S,WT,,,,,,C,,S,350.0,,,952,2.0
18HAxx00xs001PfF0510_S1,PfCRT:I356T,PfCRT,PfCRT,I356T,WT,,,,,,I,,T,356.0,,,893,2.0
18HAxx00xs001PfF0510_S1,PfCRT:R371I,PfCRT,PfCRT,R371I,WT,,,,,,R,,I,371.0,,,244,2.0
18HAxx00xs001PfF0510_S1,PfDHFR:N51I,PfDHFR,PfDHFR,N51I,WT,,,,,,N,,I,51.0,,,1093,2.0
18HAxx00xs001PfF0510_S1,PfDHFR:C59R,PfDHFR,PfDHFR,C59R,WT,,,,,,C,,R,59.0,,,1026,2.0
18HAxx00xs001PfF0510_S1,PfDHFR:S108N,PfDHFR,PfDHFR,S108N,S108N,G,A,323.0,10215.77,AGC,S,AAC,N,108.0,exon1,46.139180171591995,1110,2.0
18HAxx00xs001PfF0510_S1,PfDHPS:S436A,PfDHPS,PfDHPS,S436A,WT,,,,,,S,,A,436.0,,,921,2.0
18HAxx00xs001PfF0510_S1,PfDHPS:A437G,PfDHPS,PfDHPS,A437G,WT,,,,,,A,,G,437.0,,,934,2.0
18HAxx00xs001PfF0510_S1,PfDHPS:K540E,PfDHPS,PfDHPS,K540E,WT,,,,,,K,,E,540.0,,,420,2.0
18HAxx00xs001PfF0510_S1,PfDHPS:A581G,PfDHPS,PfDHPS,A581G,WT,,,,,,A,,G,581.0,,,676,2.0
18HAxx00xs001PfF0510_S1,PfDHPS:A613S,PfDHPS,PfDHPS,A613S,WT,,,,,,A,,S,613.0,,,846,2.0
18HAxx00xs001PfF0510_S1,PfK13:P441L,PfK13,PfK13,P441L,WT,,,,,,P,,L,441.0,,,0,2.0
18HAxx00xs001PfF0510_S1,PfK13:F446I,PfK13,PfK13,F446I,WT,,,,,,F,,I,446.0,,,0,2.0
18HAxx00xs001PfF0510_S1,PfK13:G449A,PfK13,PfK13,G449A,WT,,,,,,G,,A,449.0,,,0,2.0
18HAxx00xs001PfF0510_S1,PfK13:N458Y,PfK13,PfK13,N458Y,WT,,,,,,N,,Y,458.0,,,0,2.0
18HAxx00xs001PfF0510_S1,PfK13:C469Y,PfK13,PfK13,C469Y,WT,,,,,,C,,Y,469.0,,,0,2.0
18HAxx00xs001PfF0510_S1,PfK13:M476I,PfK13,PfK13,M476I,WT,,,,,,M,,I,476.0,,,0,2.0
18HAxx00xs001PfF0510_S1,PfK13:A481V,PfK13,PfK13,A481V,WT,,,,,,A,,V,481.0,,,0,2.0
18HAxx00xs001PfF0510_S1,PfK13:Y493H,PfK13,PfK13,Y493H,WT,,,,,,Y,,H,493.0,,,0,2.0
18HAxx00xs001PfF0510_S1,PfK13:P527H,PfK13,PfK13,P527H,WT,,,,,,P,,H,527.0,,,0,2.0
18HAxx00xs001PfF0510_S1,PfK13:N537I,PfK13,PfK13,N537I,WT,,,,,,N,,I,537.0,,,0,2.0
18HAxx00xs001PfF0510_S1,PfK13:G538V,PfK13,PfK13,G538V,WT,,,,,,G,,V,538.0,,,0,2.0
18HAxx00xs001PfF0510_S1,PfK13:R539T,PfK13,PfK13,R539T,WT,,,,,,R,,T,539.0,,,0,2.0
18HAxx00xs001PfF0510_S1,PfK13:I543T,PfK13,PfK13,I543T,WT,,,,,,I,,T,543.0,,,0,2.0
18HAxx00xs001PfF0510_S1,PfK13:P553L,PfK13,PfK13,P553L,WT,,,,,,P,,L,553.0,,,0,2.0
18HAxx00xs001PfF0510_S1,PfK13:R561H,PfK13,PfK13,R561H,WT,,,,,,R,,H,561.0,,,0,2.0
18HAxx00xs001PfF0510_S1,PfK13:V568G,PfK13,PfK13,V568G,WT,,,,,,V,,G,568.0,,,0,2.0
18HAxx00xs001PfF0510_S1,PfK13:P574L,PfK13,PfK13,P574L,WT,,,,,,P,,L,574.0,,,0,2.0
18HAxx00xs001PfF0510_S1,PfK13:C580Y,PfK13,PfK13,C580Y,WT,,,,,,C,,Y,580.0,,,0,2.0
18HAxx00xs001PfF0510_S1,PfK13:F673I,PfK13,PfK13,F673I,WT,,,,,,F,,I,673.0,,,0,2.0
18HAxx00xs001PfF0510_S1,PfK13:A675V,PfK13,PfK13,A675V,WT,,,,,,A,,V,675.0,,,0,2.0
18HAxx00xs001PfF0510_S1,PfMDR1:N86Y,PfMDR1,PfMDR1,N86Y,WT,,,,,,N,,Y,86.0,,,676,2.0
18HAxx00xs001PfF0510_S1,PfMDR1:Y184F,PfMDR1,PfMDR1,Y184F,Y184F,A,T,551.0,29983.77,TAT,Y,TTT,F,184.0,exon1,100.0,1121,2.0
18HAxx00xs001PfF0510_S1,PfMDR1:S1034C,PfMDR1,PfMDR1,S1034C,WT,,,,,,S,,C,1034.0,,,971,2.0
18HAxx00xs001PfF0510_S1,PfMDR1:N1042D,PfMDR1,PfMDR1,N1042D,WT,,,,,,N,,D,1042.0,,,960,2.0
18HAxx00xs001PfF0510_S1,PfMDR1:D1246Y,PfMDR1,PfMDR1,D1246Y,WT,,,,,,D,,Y,1246.0,,,912,2.0
18HAxx00xs002PfF0510_S3,CYTOb:I258M,MT,CYTOb,I258M,WT,,,,,,I,,M,258.0,,,0,2.0
18HAxx00xs002PfF0510_S3,CYTOb:Y268S,MT,CYTOb,Y268S,WT,,,,,,Y,,S,268.0,,,0,2.0
18HAxx00xs002PfF0510_S3,CYTOb:Y268C,MT,CYTOb,Y268C,WT,,,,,,Y,,C,268.0,,,0,2.0
18HAxx00xs002PfF0510_S3,PfCRT:C72S,PfCRT,PfCRT,C72S,WT,,,,,,C,,S,72.0,,,669,2.0
18HAxx00xs002PfF0510_S3,PfCRT:M74I,PfCRT,PfCRT,M74I,WT,,,,,,M,,I,74.0,,,673,2.0
18HAxx00xs002PfF0510_S3,PfCRT:N75E,PfCRT,PfCRT,N75E,WT,,,,,,N,,E,75.0,,,672,2.0
18HAxx00xs002PfF0510_S3,PfCRT:K76T,PfCRT,PfCRT,K76T,WT,,,,,,K,,T,76.0,,,668,2.0
18HAxx00xs002PfF0510_S3,PfCRT:F145I,PfCRT,PfCRT,F145I,WT,,,,,,F,,I,145.0,,,1340,2.0
18HAxx00xs002PfF0510_S3,PfCRT:A220S,PfCRT,PfCRT,A220S,WT,,,,,,A,,S,220.0,,,349,2.0
18HAxx00xs002PfF0510_S3,PfCRT:Q271E,PfCRT,PfCRT,Q271E,WT,,,,,,Q,,E,271.0,,,632,2.0
18HAxx00xs002PfF0510_S3,PfCRT:N326S,PfCRT,PfCRT,N326S,WT,,,,,,N,,S,326.0,,,253,2.0
18HAxx00xs002PfF0510_S3,PfCRT:C350S,PfCRT,PfCRT,C350S,WT,,,,,,C,,S,350.0,,,939,2.0
18HAxx00xs002PfF0510_S3,PfCRT:I356T,PfCRT,PfCRT,I356T,WT,,,,,,I,,T,356.0,,,901,2.0
18HAxx00xs002PfF0510_S3,PfCRT:R371I,PfCRT,PfCRT,R371I,WT,,,,,,R,,I,371.0,,,247,2.0
18HAxx00xs002PfF0510_S3,PfDHFR:N51I,PfDHFR,PfDHFR,N51I,WT,,,,,,N,,I,51.0,,,845,2.0
18HAxx00xs002PfF0510_S3,PfDHFR:C59R,PfDHFR,PfDHFR,C59R,WT,,,,,,C,,R,59.0,,,735,2.0
18HAxx00xs002PfF0510_S3,PfDHFR:S108N,PfDHFR,PfDHFR,S108N,WT,,,,,,S,,N,108.0,,,824,2.0
18HAxx00xs002PfF0510_S3,PfDHPS:S436A,PfDHPS,PfDHPS,S436A,WT,,,,,,S,,A,436.0,,,1861,2.0
18HAxx00xs002PfF0510_S3,PfDHPS:A437G,PfDHPS,PfDHPS,A437G,WT,,,,,,A,,G,437.0,,,1884,2.0
18HAxx00xs002PfF0510_S3,PfDHPS:K540E,PfDHPS,PfDHPS,K540E,WT,,,,,,K,,E,540.0,,,824,2.0
18HAxx00xs002PfF0510_S3,PfDHPS:A581G,PfDHPS,PfDHPS,A581G,WT,,,,,,A,,G,581.0,,,1262,2.0
18HAxx00xs002PfF0510_S3,PfDHPS:A613S,PfDHPS,PfDHPS,A613S,WT,,,,,,A,,S,613.0,,,1367,2.0
18HAxx00xs002PfF0510_S3,PfK13:P441L,PfK13,PfK13,P441L,WT,,,,,,P,,L,441.0,,,0,2.0
18HAxx00xs002PfF0510_S3,PfK13:F446I,PfK13,PfK13,F446I,WT,,,,,,F,,I,446.0,,,0,2.0
18HAxx00xs002PfF0510_S3,PfK13:G449A,PfK13,PfK13,G449A,WT,,,,,,G,,A,449.0,,,0,2.0
18HAxx00xs002PfF0510_S3,PfK13:N458Y,PfK13,PfK13,N458Y,WT,,,,,,N,,Y,458.0,,,0,2.0
18HAxx00xs002PfF0510_S3,PfK13:C469Y,PfK13,PfK13,C469Y,WT,,,,,,C,,Y,469.0,,,0,2.0
18HAxx00xs002PfF0510_S3,PfK13:M476I,PfK13,PfK13,M476I,WT,,,,,,M,,I,476.0,,,0,2.0
18HAxx00xs002PfF0510_S3,PfK13:A481V,PfK13,PfK13,A481V,WT,,,,,,A,,V,481.0,,,0,2.0
18HAxx00xs002PfF0510_S3,PfK13:Y493H,PfK13,PfK13,Y493H,WT,,,,,,Y,,H,493.0,,,0,2.0
18HAxx00xs002PfF0510_S3,PfK13:P527H,PfK13,PfK13,P527H,WT,,,,,,P,,H,527.0,,,0,2.0
18HAxx00xs002PfF0510_S3,PfK13:N537I,PfK13,PfK13,N537I,WT,,,,,,N,,I,537.0,,,0,2.0
18HAxx00xs002PfF0510_S3,PfK13:G538V,PfK13,PfK13,G538V,WT,,,,,,G,,V,538.0,,,0,2.0
18HAxx00xs002PfF0510_S3,PfK13:R539T,PfK13,PfK13,R539T,WT,,,,,,R,,T,539.0,,,0,2.0
18HAxx00xs002PfF0510_S3,PfK13:I543T,PfK13,PfK13,I543T,WT,,,,,,I,,T,543.0,,,0,2.0
18HAxx00xs002PfF0510_S3,PfK13:P553L,PfK13,PfK13,P553L,WT,,,,,,P,,L,553.0,,,0,2.0
18HAxx00xs002PfF0510_S3,PfK13:R561H,PfK13,PfK13,R561H,WT,,,,,,R,,H,561.0,,,0,2.0
18HAxx00xs002PfF0510_S3,PfK13:V568G,PfK13,PfK13,V568G,WT,,,,,,V,,G,568.0,,,0,2.0
18HAxx00xs002PfF0510_S3,PfK13:P574L,PfK13,PfK13,P574L,WT,,,,,,P,,L,574.0,,,0,2.0
18HAxx00xs002PfF0510_S3,PfK13:C580Y,PfK13,PfK13,C580Y,WT,,,,,,C,,Y,580.0,,,0,2.0
18HAxx00xs002PfF0510_S3,PfK13:F673I,PfK13,PfK13,F673I,WT,,,,,,F,,I,673.0,,,0,2.0
18HAxx00xs002PfF0510_S3,PfK13:A675V,PfK13,PfK13,A675V,WT,,,,,,A,,V,675.0,,,0,2.0
18HAxx00xs002PfF0510_S3,PfMDR1:N86Y,PfMDR1,PfMDR1,N86Y,WT,,,,,,N,,Y,86.0,,,728,2.0
18HAxx00xs002PfF0510_S3,PfMDR1:Y184F,PfMDR1,PfMDR1,Y184F,Y184F,A,T,551.0,29089.77,TAT,Y,TTT,F,184.0,exon1,100.0,1106,2.0
18HAxx00xs002PfF0510_S3,PfMDR1:S1034C,PfMDR1,PfMDR1,S1034C,WT,,,,,,S,,C,1034.0,,,1066,2.0
18HAxx00xs002PfF0510_S3,PfMDR1:N1042D,PfMDR1,PfMDR1,N1042D,WT,,,,,,N,,D,1042.0,,,1027,2.0
18HAxx00xs002PfF0510_S3,PfMDR1:D1246Y,PfMDR1,PfMDR1,D1246Y,WT,,,,,,D,,Y,1246.0,,,926,2.0
18HAxx00xs003PfF0510_S4,CYTOb:I258M,MT,CYTOb,I258M,WT,,,,,,I,,M,258.0,,,0,2.0
18HAxx00xs003PfF0510_S4,CYTOb:Y268S,MT,CYTOb,Y268S,WT,,,,,,Y,,S,268.0,,,0,2.0
18HAxx00xs003PfF0510_S4,CYTOb:Y268C,MT,CYTOb,Y268C,WT,,,,,,Y,,C,268.0,,,0,2.0
18HAxx00xs003PfF0510_S4,PfCRT:C72S,PfCRT,PfCRT,C72S,WT,,,,,,C,,S,72.0,,,938,2.0
18HAxx00xs003PfF0510_S4,PfCRT:M74I,PfCRT,PfCRT,M74I,WT,,,,,,M,,I,74.0,,,948,2.0
18HAxx00xs003PfF0510_S4,PfCRT:N75E,PfCRT,PfCRT,N75E,WT,,,,,,N,,E,75.0,,,946,2.0
18HAxx00xs003PfF0510_S4,PfCRT:K76T,PfCRT,PfCRT,K76T,WT,,,,,,K,,T,76.0,,,946,2.0
18HAxx00xs003PfF0510_S4,PfCRT:F145I,PfCRT,PfCRT,F145I,WT,,,,,,F,,I,145.0,,,1764,2.0
18HAxx00xs003PfF0510_S4,PfCRT:A220S,PfCRT,PfCRT,A220S,WT,,,,,,A,,S,220.0,,,469,2.0
18HAxx00xs003PfF0510_S4,PfCRT:Q271E,PfCRT,PfCRT,Q271E,WT,,,,,,Q,,E,271.0,,,785,2.0
18HAxx00xs003PfF0510_S4,PfCRT:N326S,PfCRT,PfCRT,N326S,WT,,,,,,N,,S,326.0,,,305,2.0
18HAxx00xs003PfF0510_S4,PfCRT:C350S,PfCRT,PfCRT,C350S,WT,,,,,,C,,S,350.0,,,1155,2.0
18HAxx00xs003PfF0510_S4,PfCRT:I356T,PfCRT,PfCRT,I356T,WT,,,,,,I,,T,356.0,,,1037,2.0
18HAxx00xs003PfF0510_S4,PfCRT:R371I,PfCRT,PfCRT,R371I,WT,,,,,,R,,I,371.0,,,215,2.0
18HAxx00xs003PfF0510_S4,PfDHFR:N51I,PfDHFR,PfDHFR,N51I,WT,,,,,,N,,I,51.0,,,924,2.0
18HAxx00xs003PfF0510_S4,PfDHFR:C59R,PfDHFR,PfDHFR,C59R,WT,,,,,,C,,R,59.0,,,885,2.0
18HAxx00xs003PfF0510_S4,PfDHFR:S108N,PfDHFR,PfDHFR,S108N,S108N,G,A,323.0,6021.77,AGC,S,AAC,N,108.0,exon1,37.05408515535098,916,2.0
18HAxx00xs003PfF0510_S4,PfDHPS:S436A,PfDHPS,PfDHPS,S436A,WT,,,,,,S,,A,436.0,,,1725,2.0
18HAxx00xs003PfF0510_S4,PfDHPS:A437G,PfDHPS,PfDHPS,A437G,WT,,,,,,A,,G,437.0,,,1745,2.0
18HAxx00xs003PfF0510_S4,PfDHPS:K540E,PfDHPS,PfDHPS,K540E,WT,,,,,,K,,E,540.0,,,846,2.0
18HAxx00xs003PfF0510_S4,PfDHPS:A581G,PfDHPS,PfDHPS,A581G,WT,,,,,,A,,G,581.0,,,1359,2.0
18HAxx00xs003PfF0510_S4,PfDHPS:A613S,PfDHPS,PfDHPS,A613S,WT,,,,,,A,,S,613.0,,,1519,2.0
18HAxx00xs003PfF0510_S4,PfK13:P441L,PfK13,PfK13,P441L,WT,,,,,,P,,L,441.0,,,0,2.0
18HAxx00xs003PfF0510_S4,PfK13:F446I,PfK13,PfK13,F446I,WT,,,,,,F,,I,446.0,,,0,2.0
18HAxx00xs003PfF0510_S4,PfK13:G449A,PfK13,PfK13,G449A,WT,,,,,,G,,A,449.0,,,0,2.0
18HAxx00xs003PfF0510_S4,PfK13:N458Y,PfK13,PfK13,N458Y,WT,,,,,,N,,Y,458.0,,,0,2.0
18HAxx00xs003PfF0510_S4,PfK13:C469Y,PfK13,PfK13,C469Y,WT,,,,,,C,,Y,469.0,,,0,2.0
18HAxx00xs003PfF0510_S4,PfK13:M476I,PfK13,PfK13,M476I,WT,,,,,,M,,I,476.0,,,0,2.0
18HAxx00xs003PfF0510_S4,PfK13:A481V,PfK13,PfK13,A481V,WT,,,,,,A,,V,481.0,,,0,2.0
18HAxx00xs003PfF0510_S4,PfK13:Y493H,PfK13,PfK13,Y493H,WT,,,,,,Y,,H,493.0,,,0,2.0
18HAxx00xs003PfF0510_S4,PfK13:P527H,PfK13,PfK13,P527H,WT,,,,,,P,,H,527.0,,,0,2.0
18HAxx00xs003PfF0510_S4,PfK13:N537I,PfK13,PfK13,N537I,WT,,,,,,N,,I,537.0,,,0,2.0
18HAxx00xs003PfF0510_S4,PfK13:G538V,PfK13,PfK13,G538V,WT,,,,,,G,,V,538.0,,,0,2.0
18HAxx00xs003PfF0510_S4,PfK13:R539T,PfK13,PfK13,R539T,WT,,,,,,R,,T,539.0,,,0,2.0
18HAxx00xs003PfF0510_S4,PfK13:I543T,PfK13,PfK13,I543T,WT,,,,,,I,,T,543.0,,,0,2.0
18HAxx00xs003PfF0510_S4,PfK13:P553L,PfK13,PfK13,P553L,WT,,,,,,P,,L,553.0,,,0,2.0
18HAxx00xs003PfF0510_S4,PfK13:R561H,PfK13,PfK13,R561H,WT,,,,,,R,,H,561.0,,,0,2.0
18HAxx00xs003PfF0510_S4,PfK13:V568G,PfK13,PfK13,V568G,WT,,,,,,V,,G,568.0,,,0,2.0
18HAxx00xs003PfF0510_S4,PfK13:P574L,PfK13,PfK13,P574L,WT,,,,,,P,,L,574.0,,,0,2.0
18HAxx00xs003PfF0510_S4,PfK13:C580Y,PfK13,PfK13,C580Y,WT,,,,,,C,,Y,580.0,,,0,2.0
18HAxx00xs003PfF0510_S4,PfK13:F673I,PfK13,PfK13,F673I,WT,,,,,,F,,I,673.0,,,0,2.0
18HAxx00xs003PfF0510_S4,PfK13:A675V,PfK13,PfK13,A675V,WT,,,,,,A,,V,675.0,,,0,2.0
18HAxx00xs003PfF0510_S4,PfMDR1:N86Y,PfMDR1,PfMDR1,N86Y,WT,,,,,,N,,Y,86.0,,,761,2.0
18HAxx00xs003PfF0510_S4,PfMDR1:Y184F,PfMDR1,PfMDR1,Y184F,Y184F,A,T,551.0,25573.77,TAT,Y,TTT,F,184.0,exon1,100.0,968,2.0
18HAxx00xs003PfF0510_S4,PfMDR1:S1034C,PfMDR1,PfMDR1,S1034C,WT,,,,,,S,,C,1034.0,,,931,2.0
18HAxx00xs003PfF0510_S4,PfMDR1:N1042D,PfMDR1,PfMDR1,N1042D,WT,,,,,,N,,D,1042.0,,,935,2.0
18HAxx00xs003PfF0510_S4,PfMDR1:D1246Y,PfMDR1,PfMDR1,D1246Y,WT,,,,,,D,,Y,1246.0,,,903,2.0
18HAxx00xs004PfF0510_S6,CYTOb:I258M,MT,CYTOb,I258M,WT,,,,,,I,,M,258.0,,,0,2.0
18HAxx00xs004PfF0510_S6,CYTOb:Y268S,MT,CYTOb,Y268S,WT,,,,,,Y,,S,268.0,,,0,2.0
18HAxx00xs004PfF0510_S6,CYTOb:Y268C,MT,CYTOb,Y268C,WT,,,,,,Y,,C,268.0,,,0,2.0
18HAxx00xs004PfF0510_S6,PfCRT:C72S,PfCRT,PfCRT,C72S,WT,,,,,,C,,S,72.0,,,1218,2.0
18HAxx00xs004PfF0510_S6,PfCRT:M74I,PfCRT,PfCRT,M74I,WT,,,,,,M,,I,74.0,,,1237,2.0
18HAxx00xs004PfF0510_S6,PfCRT:N75E,PfCRT,PfCRT,N75E,WT,,,,,,N,,E,75.0,,,1215,2.0
18HAxx00xs004PfF0510_S6,PfCRT:K76T,PfCRT,PfCRT,K76T,WT,,,,,,K,,T,76.0,,,1218,2.0
18HAxx00xs004PfF0510_S6,PfCRT:F145I,PfCRT,PfCRT,F145I,WT,,,,,,F,,I,145.0,,,1964,2.0
18HAxx00xs004PfF0510_S6,PfCRT:A220S,PfCRT,PfCRT,A220S,WT,,,,,,A,,S,220.0,,,533,2.0
18HAxx00xs004PfF0510_S6,PfCRT:Q271E,PfCRT,PfCRT,Q271E,WT,,,,,,Q,,E,271.0,,,931,2.0
18HAxx00xs004PfF0510_S6,PfCRT:N326S,PfCRT,PfCRT,N326S,WT,,,,,,N,,S,326.0,,,323,2.0
18HAxx00xs004PfF0510_S6,PfCRT:C350S,PfCRT,PfCRT,C350S,WT,,,,,,C,,S,350.0,,,1279,2.0
18HAxx00xs004PfF0510_S6,PfCRT:I356T,PfCRT,PfCRT,I356T,WT,,,,,,I,,T,356.0,,,1205,2.0
18HAxx00xs004PfF0510_S6,PfCRT:R371I,PfCRT,PfCRT,R371I,WT,,,,,,R,,I,371.0,,,355,2.0
18HAxx00xs004PfF0510_S6,PfDHFR:N51I,PfDHFR,PfDHFR,N51I,WT,,,,,,N,,I,51.0,,,1039,2.0
18HAxx00xs004PfF0510_S6,PfDHFR:C59R,PfDHFR,PfDHFR,C59R,WT,,,,,,C,,R,59.0,,,971,2.0
18HAxx00xs004PfF0510_S6,PfDHFR:S108N,PfDHFR,PfDHFR,S108N,S108N,G,A,323.0,10458.77,AGC,S,AAC,N,108.0,exon1,49.94675186368477,995,2.0
18HAxx00xs004PfF0510_S6,PfDHPS:S436A,PfDHPS,PfDHPS,S436A,WT,,,,,,S,,A,436.0,,,1807,2.0
18HAxx00xs004PfF0510_S6,PfDHPS:A437G,PfDHPS,PfDHPS,A437G,WT,,,,,,A,,G,437.0,,,1808,2.0
18HAxx00xs004PfF0510_S6,PfDHPS:K540E,PfDHPS,PfDHPS,K540E,WT,,,,,,K,,E,540.0,,,896,2.0
18HAxx00xs004PfF0510_S6,PfDHPS:A581G,PfDHPS,PfDHPS,A581G,WT,,,,,,A,,G,581.0,,,1267,2.0
18HAxx00xs004PfF0510_S6,PfDHPS:A613S,PfDHPS,PfDHPS,A613S,WT,,,,,,A,,S,613.0,,,1444,2.0
18HAxx00xs004PfF0510_S6,PfK13:P441L,PfK13,PfK13,P441L,WT,,,,,,P,,L,441.0,,,0,2.0
18HAxx00xs004PfF0510_S6,PfK13:F446I,PfK13,PfK13,F446I,WT,,,,,,F,,I,446.0,,,0,2.0
18HAxx00xs004PfF0510_S6,PfK13:G449A,PfK13,PfK13,G449A,WT,,,,,,G,,A,449.0,,,0,2.0
18HAxx00xs004PfF0510_S6,PfK13:N458Y,PfK13,PfK13,N458Y,WT,,,,,,N,,Y,458.0,,,0,2.0
18HAxx00xs004PfF0510_S6,PfK13:C469Y,PfK13,PfK13,C469Y,WT,,,,,,C,,Y,469.0,,,0,2.0
18HAxx00xs004PfF0510_S6,PfK13:M476I,PfK13,PfK13,M476I,WT,,,,,,M,,I,476.0,,,0,2.0
18HAxx00xs004PfF0510_S6,PfK13:A481V,PfK13,PfK13,A481V,WT,,,,,,A,,V,481.0,,,0,2.0
18HAxx00xs004PfF0510_S6,PfK13:Y493H,PfK13,PfK13,Y493H,WT,,,,,,Y,,H,493.0,,,0,2.0
18HAxx00xs004PfF0510_S6,PfK13:P527H,PfK13,PfK13,P527H,WT,,,,,,P,,H,527.0,,,0,2.0
18HAxx00xs004PfF0510_S6,PfK13:N537I,PfK13,PfK13,N537I,WT,,,,,,N,,I,537.0,,,0,2.0
18HAxx00xs004PfF0510_S6,PfK13:G538V,PfK13,PfK13,G538V,WT,,,,,,G,,V,538.0,,,0,2.0
18HAxx00xs004PfF0510_S6,PfK13:R539T,PfK13,PfK13,R539T,WT,,,,,,R,,T,539.0,,,0,2.0
18HAxx00xs004PfF0510_S6,PfK13:I543T,PfK13,PfK13,I543T,WT,,,,,,I,,T,543.0,,,0,2.0
18HAxx00xs004PfF0510_S6,PfK13:P553L,PfK13,PfK13,P553L,WT,,,,,,P,,L,553.0,,,0,2.0
18HAxx00xs004PfF0510_S6,PfK13:R561H,PfK13,PfK13,R561H,WT,,,,,,R,,H,561.0,,,0,2.0
18HAxx00xs004PfF0510_S6,PfK13:V568G,PfK13,PfK13,V568G,WT,,,,,,V,,G,568.0,,,0,2.0
18HAxx00xs004PfF0510_S6,PfK13:P574L,PfK13,PfK13,P574L,WT,,,,,,P,,L,574.0,,,0,2.0
18HAxx00xs004PfF0510_S6,PfK13:C580Y,PfK13,PfK13,C580Y,WT,,,,,,C,,Y,580.0,,,0,2.0
18HAxx00xs004PfF0510_S6,PfK13:F673I,PfK13,PfK13,F673I,WT,,,,,,F,,I,673.0,,,0,2.0
18HAxx00xs004PfF0510_S6,PfK13:A675V,PfK13,PfK13,A675V,WT,,,,,,A,,V,675.0,,,0,2.0
18HAxx00xs004PfF0510_S6,PfMDR1:N86Y,PfMDR1,PfMDR1,N86Y,WT,,,,,,N,,Y,86.0,,,601,2.0
18HAxx00xs004PfF0510_S6,PfMDR1:Y184F,PfMDR1,PfMDR1,Y184F,Y184F,A,T,551.0,23189.77,TAT,Y,TTT,F,184.0,exon1,100.0,871,2.0
18HAxx00xs004PfF0510_S6,PfMDR1:S1034C,PfMDR1,PfMDR1,S1034C,WT,,,,,,S,,C,1034.0,,,815,2.0
18HAxx00xs004PfF0510_S6,PfMDR1:N1042D,PfMDR1,PfMDR1,N1042D,WT,,,,,,N,,D,1042.0,,,805,2.0
18HAxx00xs004PfF0510_S6,PfMDR1:D1246Y,PfMDR1,PfMDR1,D1246Y,WT,,,,,,D,,Y,1246.0,,,734,2.0
18HAxx00xs005PfF0510_S7,CYTOb:I258M,MT,CYTOb,I258M,WT,,,,,,I,,M,258.0,,,0,2.0
18HAxx00xs005PfF0510_S7,CYTOb:Y268S,MT,CYTOb,Y268S,WT,,,,,,Y,,S,268.0,,,0,2.0
18HAxx00xs005PfF0510_S7,CYTOb:Y268C,MT,CYTOb,Y268C,WT,,,,,,Y,,C,268.0,,,0,2.0
18HAxx00xs005PfF0510_S7,PfCRT:C72S,PfCRT,PfCRT,C72S,WT,,,,,,C,,S,72.0,,,613,2.0
18HAxx00xs005PfF0510_S7,PfCRT:M74I,PfCRT,PfCRT,M74I,WT,,,,,,M,,I,74.0,,,613,2.0
18HAxx00xs005PfF0510_S7,PfCRT:N75E,PfCRT,PfCRT,N75E,WT,,,,,,N,,E,75.0,,,614,2.0
18HAxx00xs005PfF0510_S7,PfCRT:K76T,PfCRT,PfCRT,K76T,WT,,,,,,K,,T,76.0,,,616,2.0
18HAxx00xs005PfF0510_S7,PfCRT:F145I,PfCRT,PfCRT,F145I,WT,,,,,,F,,I,145.0,,,1139,2.0
18HAxx00xs005PfF0510_S7,PfCRT:A220S,PfCRT,PfCRT,A220S,WT,,,,,,A,,S,220.0,,,238,2.0
18HAxx00xs005PfF0510_S7,PfCRT:Q271E,PfCRT,PfCRT,Q271E,WT,,,,,,Q,,E,271.0,,,500,2.0
18HAxx00xs005PfF0510_S7,PfCRT:N326S,PfCRT,PfCRT,N326S,WT,,,,,,N,,S,326.0,,,163,2.0
18HAxx00xs005PfF0510_S7,PfCRT:C350S,PfCRT,PfCRT,C350S,WT,,,,,,C,,S,350.0,,,623,2.0
18HAxx00xs005PfF0510_S7,PfCRT:I356T,PfCRT,PfCRT,I356T,WT,,,,,,I,,T,356.0,,,543,2.0
18HAxx00xs005PfF0510_S7,PfCRT:R371I,PfCRT,PfCRT,R371I,WT,,,,,,R,,I,371.0,,,155,2.0
18HAxx00xs005PfF0510_S7,PfDHFR:N51I,PfDHFR,PfDHFR,N51I,WT,,,,,,N,,I,51.0,,,3216,2.0
18HAxx00xs005PfF0510_S7,PfDHFR:C59R,PfDHFR,PfDHFR,C59R,WT,,,,,,C,,R,59.0,,,2938,2.0
18HAxx00xs005PfF0510_S7,PfDHFR:S108N,PfDHFR,PfDHFR,S108N,S108N,G,A,323.0,51045.77,AGC,S,AAC,N,108.0,exon1,85.97122302158273,2795,2.0
18HAxx00xs005PfF0510_S7,PfDHPS:S436A,PfDHPS,PfDHPS,S436A,WT,,,,,,S,,A,436.0,,,138,2.0
18HAxx00xs005PfF0510_S7,PfDHPS:A437G,PfDHPS,PfDHPS,A437G,WT,,,,,,A,,G,437.0,,,142,2.0
18HAxx00xs005PfF0510_S7,PfDHPS:K540E,PfDHPS,PfDHPS,K540E,WT,,,,,,K,,E,540.0,,,73,2.0
18HAxx00xs005PfF0510_S7,PfDHPS:A581G,PfDHPS,PfDHPS,A581G,WT,,,,,,A,,G,581.0,,,87,2.0
18HAxx00xs005PfF0510_S7,PfDHPS:A613S,PfDHPS,PfDHPS,A613S,WT,,,,,,A,,S,613.0,,,98,2.0
18HAxx00xs005PfF0510_S7,PfK13:P441L,PfK13,PfK13,P441L,WT,,,,,,P,,L,441.0,,,0,2.0
18HAxx00xs005PfF0510_S7,PfK13:F446I,PfK13,PfK13,F446I,WT,,,,,,F,,I,446.0,,,0,2.0
18HAxx00xs005PfF0510_S7,PfK13:G449A,PfK13,PfK13,G449A,WT,,,,,,G,,A,449.0,,,0,2.0
18HAxx00xs005PfF0510_S7,PfK13:N458Y,PfK13,PfK13,N458Y,WT,,,,,,N,,Y,458.0,,,0,2.0
18HAxx00xs005PfF0510_S7,PfK13:C469Y,PfK13,PfK13,C469Y,WT,,,,,,C,,Y,469.0,,,0,2.0
18HAxx00xs005PfF0510_S7,PfK13:M476I,PfK13,PfK13,M476I,WT,,,,,,M,,I,476.0,,,0,2.0
18HAxx00xs005PfF0510_S7,PfK13:A481V,PfK13,PfK13,A481V,WT,,,,,,A,,V,481.0,,,0,2.0
18HAxx00xs005PfF0510_S7,PfK13:Y493H,PfK13,PfK13,Y493H,WT,,,,,,Y,,H,493.0,,,0,2.0
18HAxx00xs005PfF0510_S7,PfK13:P527H,PfK13,PfK13,P527H,WT,,,,,,P,,H,527.0,,,0,2.0
18HAxx00xs005PfF0510_S7,PfK13:N537I,PfK13,PfK13,N537I,WT,,,,,,N,,I,537.0,,,0,2.0
18HAxx00xs005PfF0510_S7,PfK13:G538V,PfK13,PfK13,G538V,WT,,,,,,G,,V,538.0,,,0,2.0
18HAxx00xs005PfF0510_S7,PfK13:R539T,PfK13,PfK13,R539T,WT,,,,,,R,,T,539.0,,,0,2.0
18HAxx00xs005PfF0510_S7,PfK13:I543T,PfK13,PfK13,I543T,WT,,,,,,I,,T,543.0,,,0,2.0
18HAxx00xs005PfF0510_S7,PfK13:P553L,PfK13,PfK13,P553L,WT,,,,,,P,,L,553.0,,,0,2.0
18HAxx00xs005PfF0510_S7,PfK13:R561H,PfK13,PfK13,R561H,WT,,,,,,R,,H,561.0,,,0,2.0
18HAxx00xs005PfF0510_S7,PfK13:V568G,PfK13,PfK13,V568G,WT,,,,,,V,,G,568.0,,,0,2.0
18HAxx00xs005PfF0510_S7,PfK13:P574L,PfK13,PfK13,P574L,WT,,,,,,P,,L,574.0,,,0,2.0
18HAxx00xs005PfF0510_S7,PfK13:C580Y,PfK13,PfK13,C580Y,WT,,,,,,C,,Y,580.0,,,0,2.0
18HAxx00xs005PfF0510_S7,PfK13:F673I,PfK13,PfK13,F673I,WT,,,,,,F,,I,673.0,,,0,2.0
18HAxx00xs005PfF0510_S7,PfK13:A675V,PfK13,PfK13,A675V,WT,,,,,,A,,V,675.0,,,0,2.0
18HAxx00xs005PfF0510_S7,PfMDR1:N86Y,PfMDR1,PfMDR1,N86Y,WT,,,,,,N,,Y,86.0,,,93,2.0
18HAxx00xs005PfF0510_S7,PfMDR1:Y184F,PfMDR1,PfMDR1,Y184F,Y184F,A,T,551.0,2977.77,TAT,Y,TTT,F,184.0,exon1,100.0,114,2.0
18HAxx00xs005PfF0510_S7,PfMDR1:S1034C,PfMDR1,PfMDR1,S1034C,WT,,,,,,S,,C,1034.0,,,119,2.0
18HAxx00xs005PfF0510_S7,PfMDR1:N1042D,PfMDR1,PfMDR1,N1042D,WT,,,,,,N,,D,1042.0,,,119,2.0
18HAxx00xs005PfF0510_S7,PfMDR1:D1246Y,PfMDR1,PfMDR1,D1246Y,WT,,,,,,D,,Y,1246.0,,,91,2.0
18HAxx00xs006PfF0510_S8,CYTOb:I258M,MT,CYTOb,I258M,WT,,,,,,I,,M,258.0,,,0,2.0
18HAxx00xs006PfF0510_S8,CYTOb:Y268S,MT,CYTOb,Y268S,WT,,,,,,Y,,S,268.0,,,0,2.0
18HAxx00xs006PfF0510_S8,CYTOb:Y268C,MT,CYTOb,Y268C,WT,,,,,,Y,,C,268.0,,,0,2.0
18HAxx00xs006PfF0510_S8,PfCRT:C72S,PfCRT,PfCRT,C72S,WT,,,,,,C,,S,72.0,,,914,2.0
18HAxx00xs006PfF0510_S8,PfCRT:M74I,PfCRT,PfCRT,M74I,WT,,,,,,M,,I,74.0,,,908,2.0
18HAxx00xs006PfF0510_S8,PfCRT:N75E,PfCRT,PfCRT,N75E,WT,,,,,,N,,E,75.0,,,905,2.0
18HAxx00xs006PfF0510_S8,PfCRT:K76T,PfCRT,PfCRT,K76T,WT,,,,,,K,,T,76.0,,,907,2.0
18HAxx00xs006PfF0510_S8,PfCRT:F145I,PfCRT,PfCRT,F145I,WT,,,,,,F,,I,145.0,,,1513,2.0
18HAxx00xs006PfF0510_S8,PfCRT:A220S,PfCRT,PfCRT,A220S,WT,,,,,,A,,S,220.0,,,442,2.0
18HAxx00xs006PfF0510_S8,PfCRT:Q271E,PfCRT,PfCRT,Q271E,WT,,,,,,Q,,E,271.0,,,725,2.0
18HAxx00xs006PfF0510_S8,PfCRT:N326S,PfCRT,PfCRT,N326S,WT,,,,,,N,,S,326.0,,,285,2.0
18HAxx00xs006PfF0510_S8,PfCRT:C350S,PfCRT,PfCRT,C350S,WT,,,,,,C,,S,350.0,,,903,2.0
18HAxx00xs006PfF0510_S8,PfCRT:I356T,PfCRT,PfCRT,I356T,WT,,,,,,I,,T,356.0,,,860,2.0
18HAxx00xs006PfF0510_S8,PfCRT:R371I,PfCRT,PfCRT,R371I,WT,,,,,,R,,I,371.0,,,221,2.0
18HAxx00xs006PfF0510_S8,PfDHFR:N51I,PfDHFR,PfDHFR,N51I,WT,,,,,,N,,I,51.0,,,888,2.0
18HAxx00xs006PfF0510_S8,PfDHFR:C59R,PfDHFR,PfDHFR,C59R,WT,,,,,,C,,R,59.0,,,800,2.0
18HAxx00xs006PfF0510_S8,PfDHFR:S108N,PfDHFR,PfDHFR,S108N,S108N,G,A,323.0,10299.77,AGC,S,AAC,N,108.0,exon1,61.25511596180082,757,2.0
18HAxx00xs006PfF0510_S8,PfDHPS:S436A,PfDHPS,PfDHPS,S436A,WT,,,,,,S,,A,436.0,,,127,2.0
18HAxx00xs006PfF0510_S8,PfDHPS:A437G,PfDHPS,PfDHPS,A437G,WT,,,,,,A,,G,437.0,,,125,2.0
18HAxx00xs006PfF0510_S8,PfDHPS:K540E,PfDHPS,PfDHPS,K540E,WT,,,,,,K,,E,540.0,,,50,2.0
18HAxx00xs006PfF0510_S8,PfDHPS:A581G,PfDHPS,PfDHPS,A581G,WT,,,,,,A,,G,581.0,,,67,2.0
18HAxx00xs006PfF0510_S8,PfDHPS:A613S,PfDHPS,PfDHPS,A613S,WT,,,,,,A,,S,613.0,,,80,2.0
18HAxx00xs006PfF0510_S8,PfK13:P441L,PfK13,PfK13,P441L,WT,,,,,,P,,L,441.0,,,0,2.0
18HAxx00xs006PfF0510_S8,PfK13:F446I,PfK13,PfK13,F446I,WT,,,,,,F,,I,446.0,,,0,2.0
18HAxx00xs006PfF0510_S8,PfK13:G449A,PfK13,PfK13,G449A,WT,,,,,,G,,A,449.0,,,0,2.0
18HAxx00xs006PfF0510_S8,PfK13:N458Y,PfK13,PfK13,N458Y,WT,,,,,,N,,Y,458.0,,,0,2.0
18HAxx00xs006PfF0510_S8,PfK13:C469Y,PfK13,PfK13,C469Y,WT,,,,,,C,,Y,469.0,,,0,2.0
18HAxx00xs006PfF0510_S8,PfK13:M476I,PfK13,PfK13,M476I,WT,,,,,,M,,I,476.0,,,0,2.0
18HAxx00xs006PfF0510_S8,PfK13:A481V,PfK13,PfK13,A481V,WT,,,,,,A,,V,481.0,,,0,2.0
18HAxx00xs006PfF0510_S8,PfK13:Y493H,PfK13,PfK13,Y493H,WT,,,,,,Y,,H,493.0,,,0,2.0
18HAxx00xs006PfF0510_S8,PfK13:P527H,PfK13,PfK13,P527H,WT,,,,,,P,,H,527.0,,,0,2.0
18HAxx00xs006PfF0510_S8,PfK13:N537I,PfK13,PfK13,N537I,WT,,,,,,N,,I,537.0,,,0,2.0
18HAxx00xs006PfF0510_S8,PfK13:G538V,PfK13,PfK13,G538V,WT,,,,,,G,,V,538.0,,,0,2.0
18HAxx00xs006PfF0510_S8,PfK13:R539T,PfK13,PfK13,R539T,WT,,,,,,R,,T,539.0,,,0,2.0
18HAxx00xs006PfF0510_S8,PfK13:I543T,PfK13,PfK13,I543T,WT,,,,,,I,,T,543.0,,,0,2.0
18HAxx00xs006PfF0510_S8,PfK13:P553L,PfK13,PfK13,P553L,WT,,,,,,P,,L,553.0,,,0,2.0
18HAxx00xs006PfF0510_S8,PfK13:R561H,PfK13,PfK13,R561H,WT,,,,,,R,,H,561.0,,,0,2.0
18HAxx00xs006PfF0510_S8,PfK13:V568G,PfK13,PfK13,V568G,WT,,,,,,V,,G,568.0,,,0,2.0
18HAxx00xs006PfF0510_S8,PfK13:P574L,PfK13,PfK13,P574L,WT,,,,,,P,,L,574.0,,,0,2.0
18HAxx00xs006PfF0510_S8,PfK13:C580Y,PfK13,PfK13,C580Y,WT,,,,,,C,,Y,580.0,,,0,2.0
18HAxx00xs006PfF0510_S8,PfK13:F673I,PfK13,PfK13,F673I,WT,,,,,,F,,I,673.0,,,0,2.0
18HAxx00xs006PfF0510_S8,PfK13:A675V,PfK13,PfK13,A675V,WT,,,,,,A,,V,675.0,,,0,2.0
18HAxx00xs006PfF0510_S8,PfMDR1:N86Y,PfMDR1,PfMDR1,N86Y,WT,,,,,,N,,Y,86.0,,,18,2.0
18HAxx00xs006PfF0510_S8,PfMDR1:Y184F,PfMDR1,PfMDR1,Y184F,Y184F,A,T,551.0,1720.77,TAT,Y,TTT,F,184.0,exon1,100.0,67,2.0
18HAxx00xs006PfF0510_S8,PfMDR1:S1034C,PfMDR1,PfMDR1,S1034C,WT,,,,,,S,,C,1034.0,,,72,2.0
18HAxx00xs006PfF0510_S8,PfMDR1:N1042D,PfMDR1,PfMDR1,N1042D,WT,,,,,,N,,D,1042.0,,,68,2.0
18HAxx00xs006PfF0510_S8,PfMDR1:D1246Y,PfMDR1,PfMDR1,D1246Y,WT,,,,,,D,,Y,1246.0,,,53,2.0
18HAxx00xs007PfF0510_S10,CYTOb:I258M,MT,CYTOb,I258M,WT,,,,,,I,,M,258.0,,,0,2.0
18HAxx00xs007PfF0510_S10,CYTOb:Y268S,MT,CYTOb,Y268S,WT,,,,,,Y,,S,268.0,,,0,2.0
18HAxx00xs007PfF0510_S10,CYTOb:Y268C,MT,CYTOb,Y268C,WT,,,,,,Y,,C,268.0,,,0,2.0
18HAxx00xs007PfF0510_S10,PfCRT:C72S,PfCRT,PfCRT,C72S,WT,,,,,,C,,S,72.0,,,415,2.0
18HAxx00xs007PfF0510_S10,PfCRT:M74I,PfCRT,PfCRT,M74I,WT,,,,,,M,,I,74.0,,,417,2.0
18HAxx00xs007PfF0510_S10,PfCRT:N75E,PfCRT,PfCRT,N75E,WT,,,,,,N,,E,75.0,,,414,2.0
18HAxx00xs007PfF0510_S10,PfCRT:K76T,PfCRT,PfCRT,K76T,WT,,,,,,K,,T,76.0,,,417,2.0
18HAxx00xs007PfF0510_S10,PfCRT:F145I,PfCRT,PfCRT,F145I,WT,,,,,,F,,I,145.0,,,991,2.0
18HAxx00xs007PfF0510_S10,PfCRT:A220S,PfCRT,PfCRT,A220S,WT,,,,,,A,,S,220.0,,,189,2.0
18HAxx00xs007PfF0510_S10,PfCRT:Q271E,PfCRT,PfCRT,Q271E,WT,,,,,,Q,,E,271.0,,,389,2.0
18HAxx00xs007PfF0510_S10,PfCRT:N326S,PfCRT,PfCRT,N326S,WT,,,,,,N,,S,326.0,,,164,2.0
18HAxx00xs007PfF0510_S10,PfCRT:C350S,PfCRT,PfCRT,C350S,WT,,,,,,C,,S,350.0,,,531,2.0
18HAxx00xs007PfF0510_S10,PfCRT:I356T,PfCRT,PfCRT,I356T,WT,,,,,,I,,T,356.0,,,481,2.0
18HAxx00xs007PfF0510_S10,PfCRT:R371I,PfCRT,PfCRT,R371I,WT,,,,,,R,,I,371.0,,,144,2.0
18HAxx00xs007PfF0510_S10,PfDHFR:N51I,PfDHFR,PfDHFR,N51I,WT,,,,,,N,,I,51.0,,,3272,2.0
18HAxx00xs007PfF0510_S10,PfDHFR:C59R,PfDHFR,PfDHFR,C59R,WT,,,,,,C,,R,59.0,,,2893,2.0
18HAxx00xs007PfF0510_S10,PfDHFR:S108N,PfDHFR,PfDHFR,S108N,S108N,G,A,323.0,6933.77,AGC,S,AAC,N,108.0,exon1,21.25175151798225,2569,2.0
18HAxx00xs007PfF0510_S10,PfDHPS:S436A,PfDHPS,PfDHPS,S436A,WT,,,,,,S,,A,436.0,,,75,2.0
18HAxx00xs007PfF0510_S10,PfDHPS:A437G,PfDHPS,PfDHPS,A437G,WT,,,,,,A,,G,437.0,,,77,2.0
18HAxx00xs007PfF0510_S10,PfDHPS:K540E,PfDHPS,PfDHPS,K540E,WT,,,,,,K,,E,540.0,,,17,2.0
18HAxx00xs007PfF0510_S10,PfDHPS:A581G,PfDHPS,PfDHPS,A581G,WT,,,,,,A,,G,581.0,,,34,2.0
18HAxx00xs007PfF0510_S10,PfDHPS:A613S,PfDHPS,PfDHPS,A613S,WT,,,,,,A,,S,613.0,,,41,2.0
18HAxx00xs007PfF0510_S10,PfK13:P441L,PfK13,PfK13,P441L,WT,,,,,,P,,L,441.0,,,0,2.0
18HAxx00xs007PfF0510_S10,PfK13:F446I,PfK13,PfK13,F446I,WT,,,,,,F,,I,446.0,,,0,2.0
18HAxx00xs007PfF0510_S10,PfK13:G449A,PfK13,PfK13,G449A,WT,,,,,,G,,A,449.0,,,0,2.0
18HAxx00xs007PfF0510_S10,PfK13:N458Y,PfK13,PfK13,N458Y,WT,,,,,,N,,Y,458.0,,,0,2.0
18HAxx00xs007PfF0510_S10,PfK13:C469Y,PfK13,PfK13,C469Y,WT,,,,,,C,,Y,469.0,,,0,2.0
18HAxx00xs007PfF0510_S10,PfK13:M476I,PfK13,PfK13,M476I,WT,,,,,,M,,I,476.0,,,0,2.0
18HAxx00xs007PfF0510_S10,PfK13:A481V,PfK13,PfK13,A481V,WT,,,,,,A,,V,481.0,,,0,2.0
18HAxx00xs007PfF0510_S10,PfK13:Y493H,PfK13,PfK13,Y493H,WT,,,,,,Y,,H,493.0,,,0,2.0
18HAxx00xs007PfF0510_S10,PfK13:P527H,PfK13,PfK13,P527H,WT,,,,,,P,,H,527.0,,,0,2.0
18HAxx00xs007PfF0510_S10,PfK13:N537I,PfK13,PfK13,N537I,WT,,,,,,N,,I,537.0,,,0,2.0
18HAxx00xs007PfF0510_S10,PfK13:G538V,PfK13,PfK13,G538V,WT,,,,,,G,,V,538.0,,,0,2.0
18HAxx00xs007PfF0510_S10,PfK13:R539T,PfK13,PfK13,R539T,WT,,,,,,R,,T,539.0,,,0,2.0
18HAxx00xs007PfF0510_S10,PfK13:I543T,PfK13,PfK13,I543T,WT,,,,,,I,,T,543.0,,,0,2.0
18HAxx00xs007PfF0510_S10,PfK13:P553L,PfK13,PfK13,P553L,WT,,,,,,P,,L,553.0,,,0,2.0
18HAxx00xs007PfF0510_S10,PfK13:R561H,PfK13,PfK13,R561H,WT,,,,,,R,,H,561.0,,,0,2.0
18HAxx00xs007PfF0510_S10,PfK13:V568G,PfK13,PfK13,V568G,WT,,,,,,V,,G,568.0,,,0,2.0
18HAxx00xs007PfF0510_S10,PfK13:P574L,PfK13,PfK13,P574L,WT,,,,,,P,,L,574.0,,,0,2.0
18HAxx00xs007PfF0510_S10,PfK13:C580Y,PfK13,PfK13,C580Y,WT,,,,,,C,,Y,580.0,,,0,2.0
18HAxx00xs007PfF0510_S10,PfK13:F673I,PfK13,PfK13,F673I,WT,,,,,,F,,I,673.0,,,0,2.0
18HAxx00xs007PfF0510_S10,PfK13:A675V,PfK13,PfK13,A675V,WT,,,,,,A,,V,675.0,,,0,2.0
18HAxx00xs007PfF0510_S10,PfMDR1:N86Y,PfMDR1,PfMDR1,N86Y,WT,,,,,,N,,Y,86.0,,,244,2.0
18HAxx00xs007PfF0510_S10,PfMDR1:Y184F,PfMDR1,PfMDR1,Y184F,Y184F,A,T,551.0,11974.77,TAT,Y,TTT,F,184.0,exon1,100.0,443,2.0
18HAxx00xs007PfF0510_S10,PfMDR1:S1034C,PfMDR1,PfMDR1,S1034C,WT,,,,,,S,,C,1034.0,,,411,2.0
18HAxx00xs007PfF0510_S10,PfMDR1:N1042D,PfMDR1,PfMDR1,N1042D,WT,,,,,,N,,D,1042.0,,,399,2.0
18HAxx00xs007PfF0510_S10,PfMDR1:D1246Y,PfMDR1,PfMDR1,D1246Y,WT,,,,,,D,,Y,1246.0,,,353,2.0
18HAxx00xs008PfF0510_S12,CYTOb:I258M,MT,CYTOb,I258M,WT,,,,,,I,,M,258.0,,,0,2.0
18HAxx00xs008PfF0510_S12,CYTOb:Y268S,MT,CYTOb,Y268S,WT,,,,,,Y,,S,268.0,,,0,2.0
18HAxx00xs008PfF0510_S12,CYTOb:Y268C,MT,CYTOb,Y268C,WT,,,,,,Y,,C,268.0,,,0,2.0
18HAxx00xs008PfF0510_S12,PfCRT:C72S,PfCRT,PfCRT,C72S,WT,,,,,,C,,S,72.0,,,225,2.0
18HAxx00xs008PfF0510_S12,PfCRT:M74I,PfCRT,PfCRT,M74I,WT,,,,,,M,,I,74.0,,,237,2.0
18HAxx00xs008PfF0510_S12,PfCRT:N75E,PfCRT,PfCRT,N75E,WT,,,,,,N,,E,75.0,,,236,2.0
18HAxx00xs008PfF0510_S12,PfCRT:K76T,PfCRT,PfCRT,K76T,WT,,,,,,K,,T,76.0,,,235,2.0
18HAxx00xs008PfF0510_S12,PfCRT:F145I,PfCRT,PfCRT,F145I,WT,,,,,,F,,I,145.0,,,356,2.0
18HAxx00xs008PfF0510_S12,PfCRT:A220S,PfCRT,PfCRT,A220S,WT,,,,,,A,,S,220.0,,,141,2.0
18HAxx00xs008PfF0510_S12,PfCRT:Q271E,PfCRT,PfCRT,Q271E,WT,,,,,,Q,,E,271.0,,,182,2.0
18HAxx00xs008PfF0510_S12,PfCRT:N326S,PfCRT,PfCRT,N326S,WT,,,,,,N,,S,326.0,,,73,2.0
18HAxx00xs008PfF0510_S12,PfCRT:C350S,PfCRT,PfCRT,C350S,WT,,,,,,C,,S,350.0,,,236,2.0
18HAxx00xs008PfF0510_S12,PfCRT:I356T,PfCRT,PfCRT,I356T,WT,,,,,,I,,T,356.0,,,238,2.0
18HAxx00xs008PfF0510_S12,PfCRT:R371I,PfCRT,PfCRT,R371I,WT,,,,,,R,,I,371.0,,,72,2.0
18HAxx00xs008PfF0510_S12,PfDHFR:N51I,PfDHFR,PfDHFR,N51I,WT,,,,,,N,,I,51.0,,,1002,2.0
18HAxx00xs008PfF0510_S12,PfDHFR:C59R,PfDHFR,PfDHFR,C59R,WT,,,,,,C,,R,59.0,,,928,2.0
18HAxx00xs008PfF0510_S12,PfDHFR:S108N,PfDHFR,PfDHFR,S108N,S108N,G,A,323.0,25961.77,AGC,S,AAC,N,108.0,exon1,100.0,937,2.0
18HAxx00xs008PfF0510_S12,PfDHPS:S436A,PfDHPS,PfDHPS,S436A,WT,,,,,,S,,A,436.0,,,87,2.0
18HAxx00xs008PfF0510_S12,PfDHPS:A437G,PfDHPS,PfDHPS,A437G,WT,,,,,,A,,G,437.0,,,87,2.0
18HAxx00xs008PfF0510_S12,PfDHPS:K540E,PfDHPS,PfDHPS,K540E,WT,,,,,,K,,E,540.0,,,37,2.0
18HAxx00xs008PfF0510_S12,PfDHPS:A581G,PfDHPS,PfDHPS,A581G,WT,,,,,,A,,G,581.0,,,51,2.0
18HAxx00xs008PfF0510_S12,PfDHPS:A613S,PfDHPS,PfDHPS,A613S,WT,,,,,,A,,S,613.0,,,59,2.0
18HAxx00xs008PfF0510_S12,PfK13:P441L,PfK13,PfK13,P441L,WT,,,,,,P,,L,441.0,,,0,2.0
18HAxx00xs008PfF0510_S12,PfK13:F446I,PfK13,PfK13,F446I,WT,,,,,,F,,I,446.0,,,0,2.0
18HAxx00xs008PfF0510_S12,PfK13:G449A,PfK13,PfK13,G449A,WT,,,,,,G,,A,449.0,,,0,2.0
18HAxx00xs008PfF0510_S12,PfK13:N458Y,PfK13,PfK13,N458Y,WT,,,,,,N,,Y,458.0,,,0,2.0
18HAxx00xs008PfF0510_S12,PfK13:C469Y,PfK13,PfK13,C469Y,WT,,,,,,C,,Y,469.0,,,0,2.0
18HAxx00xs008PfF0510_S12,PfK13:M476I,PfK13,PfK13,M476I,WT,,,,,,M,,I,476.0,,,0,2.0
18HAxx00xs008PfF0510_S12,PfK13:A481V,PfK13,PfK13,A481V,WT,,,,,,A,,V,481.0,,,0,2.0
18HAxx00xs008PfF0510_S12,PfK13:Y493H,PfK13,PfK13,Y493H,WT,,,,,,Y,,H,493.0,,,0,2.0
18HAxx00xs008PfF0510_S12,PfK13:P527H,PfK13,PfK13,P527H,WT,,,,,,P,,H,527.0,,,0,2.0
18HAxx00xs008PfF0510_S12,PfK13:N537I,PfK13,PfK13,N537I,WT,,,,,,N,,I,537.0,,,0,2.0
18HAxx00xs008PfF0510_S12,PfK13:G538V,PfK13,PfK13,G538V,WT,,,,,,G,,V,538.0,,,0,2.0
18HAxx00xs008PfF0510_S12,PfK13:R539T,PfK13,PfK13,R539T,WT,,,,,,R,,T,539.0,,,0,2.0
18HAxx00xs008PfF0510_S12,PfK13:I543T,PfK13,PfK13,I543T,WT,,,,,,I,,T,543.0,,,0,2.0
18HAxx00xs008PfF0510_S12,PfK13:P553L,PfK13,PfK13,P553L,WT,,,,,,P,,L,553.0,,,0,2.0
18HAxx00xs008PfF0510_S12,PfK13:R561H,PfK13,PfK13,R561H,WT,,,,,,R,,H,561.0,,,0,2.0
18HAxx00xs008PfF0510_S12,PfK13:V568G,PfK13,PfK13,V568G,WT,,,,,,V,,G,568.0,,,0,2.0
18HAxx00xs008PfF0510_S12,PfK13:P574L,PfK13,PfK13,P574L,WT,,,,,,P,,L,574.0,,,0,2.0
18HAxx00xs008PfF0510_S12,PfK13:C580Y,PfK13,PfK13,C580Y,WT,,,,,,C,,Y,580.0,,,0,2.0
18HAxx00xs008PfF0510_S12,PfK13:F673I,PfK13,PfK13,F673I,WT,,,,,,F,,I,673.0,,,0,2.0
18HAxx00xs008PfF0510_S12,PfK13:A675V,PfK13,PfK13,A675V,WT,,,,,,A,,V,675.0,,,0,2.0
18HAxx00xs008PfF0510_S12,PfMDR1:N86Y,PfMDR1,PfMDR1,N86Y,WT,,,,,,N,,Y,86.0,,,31,2.0
18HAxx00xs008PfF0510_S12,PfMDR1:Y184F,PfMDR1,PfMDR1,Y184F,Y184F,A,T,551.0,1075.77,TAT,Y,TTT,F,184.0,exon1,100.0,44,2.0
18HAxx00xs008PfF0510_S12,PfMDR1:S1034C,PfMDR1,PfMDR1,S1034C,WT,,,,,,S,,C,1034.0,,,45,2.0
18HAxx00xs008PfF0510_S12,PfMDR1:N1042D,PfMDR1,PfMDR1,N1042D,WT,,,,,,N,,D,1042.0,,,44,2.0
18HAxx00xs008PfF0510_S12,PfMDR1:D1246Y,PfMDR1,PfMDR1,D1246Y,WT,,,,,,D,,Y,1246.0,,,46,2.0
18HAxx00xs009PfF0510_S13,CYTOb:I258M,MT,CYTOb,I258M,WT,,,,,,I,,M,258.0,,,0,2.0
18HAxx00xs009PfF0510_S13,CYTOb:Y268S,MT,CYTOb,Y268S,WT,,,,,,Y,,S,268.0,,,0,2.0
18HAxx00xs009PfF0510_S13,CYTOb:Y268C,MT,CYTOb,Y268C,WT,,,,,,Y,,C,268.0,,,0,2.0
18HAxx00xs009PfF0510_S13,PfCRT:C72S,PfCRT,PfCRT,C72S,WT,,,,,,C,,S,72.0,,,93,2.0
18HAxx00xs009PfF0510_S13,PfCRT:M74I,PfCRT,PfCRT,M74I,WT,,,,,,M,,I,74.0,,,84,2.0
18HAxx00xs009PfF0510_S13,PfCRT:N75E,PfCRT,PfCRT,N75E,WT,,,,,,N,,E,75.0,,,80,2.0
18HAxx00xs009PfF0510_S13,PfCRT:K76T,PfCRT,PfCRT,K76T,WT,,,,,,K,,T,76.0,,,80,2.0
18HAxx00xs009PfF0510_S13,PfCRT:F145I,PfCRT,PfCRT,F145I,WT,,,,,,F,,I,145.0,,,129,2.0
18HAxx00xs009PfF0510_S13,PfCRT:A220S,PfCRT,PfCRT,A220S,WT,,,,,,A,,S,220.0,,,59,2.0
18HAxx00xs009PfF0510_S13,PfCRT:Q271E,PfCRT,PfCRT,Q271E,WT,,,,,,Q,,E,271.0,,,80,2.0
18HAxx00xs009PfF0510_S13,PfCRT:N326S,PfCRT,PfCRT,N326S,WT,,,,,,N,,S,326.0,,,33,2.0
18HAxx00xs009PfF0510_S13,PfCRT:C350S,PfCRT,PfCRT,C350S,WT,,,,,,C,,S,350.0,,,83,2.0
18HAxx00xs009PfF0510_S13,PfCRT:I356T,PfCRT,PfCRT,I356T,WT,,,,,,I,,T,356.0,,,79,2.0
18HAxx00xs009PfF0510_S13,PfCRT:R371I,PfCRT,PfCRT,R371I,WT,,,,,,R,,I,371.0,,,25,2.0
18HAxx00xs009PfF0510_S13,PfDHFR:N51I,PfDHFR,PfDHFR,N51I,WT,,,,,,N,,I,51.0,,,512,2.0
18HAxx00xs009PfF0510_S13,PfDHFR:C59R,PfDHFR,PfDHFR,C59R,WT,,,,,,C,,R,59.0,,,448,2.0
18HAxx00xs009PfF0510_S13,PfDHFR:S108N,PfDHFR,PfDHFR,S108N,S108N,G,A,323.0,2530.77,AGC,S,AAC,N,108.0,exon1,36.103896103896105,386,2.0
18HAxx00xs009PfF0510_S13,PfDHPS:S436A,PfDHPS,PfDHPS,S436A,WT,,,,,,S,,A,436.0,,,0,2.0
18HAxx00xs009PfF0510_S13,PfDHPS:A437G,PfDHPS,PfDHPS,A437G,WT,,,,,,A,,G,437.0,,,0,2.0
18HAxx00xs009PfF0510_S13,PfDHPS:K540E,PfDHPS,PfDHPS,K540E,WT,,,,,,K,,E,540.0,,,0,2.0
18HAxx00xs009PfF0510_S13,PfDHPS:A581G,PfDHPS,PfDHPS,A581G,WT,,,,,,A,,G,581.0,,,0,2.0
18HAxx00xs009PfF0510_S13,PfDHPS:A613S,PfDHPS,PfDHPS,A613S,WT,,,,,,A,,S,613.0,,,0,2.0
18HAxx00xs009PfF0510_S13,PfK13:P441L,PfK13,PfK13,P441L,WT,,,,,,P,,L,441.0,,,0,2.0
18HAxx00xs009PfF0510_S13,PfK13:F446I,PfK13,PfK13,F446I,WT,,,,,,F,,I,446.0,,,0,2.0
18HAxx00xs009PfF0510_S13,PfK13:G449A,PfK13,PfK13,G449A,WT,,,,,,G,,A,449.0,,,0,2.0
18HAxx00xs009PfF0510_S13,PfK13:N458Y,PfK13,PfK13,N458Y,WT,,,,,,N,,Y,458.0,,,0,2.0
18HAxx00xs009PfF0510_S13,PfK13:C469Y,PfK13,PfK13,C469Y,WT,,,,,,C,,Y,469.0,,,0,2.0
18HAxx00xs009PfF0510_S13,PfK13:M476I,PfK13,PfK13,M476I,WT,,,,,,M,,I,476.0,,,0,2.0
18HAxx00xs009PfF0510_S13,PfK13:A481V,PfK13,PfK13,A481V,WT,,,,,,A,,V,481.0,,,0,2.0
18HAxx00xs009PfF0510_S13,PfK13:Y493H,PfK13,PfK13,Y493H,WT,,,,,,Y,,H,493.0,,,0,2.0
18HAxx00xs009PfF0510_S13,PfK13:P527H,PfK13,PfK13,P527H,WT,,,,,,P,,H,527.0,,,0,2.0
18HAxx00xs009PfF0510_S13,PfK13:N537I,PfK13,PfK13,N537I,WT,,,,,,N,,I,537.0,,,0,2.0
18HAxx00xs009PfF0510_S13,PfK13:G538V,PfK13,PfK13,G538V,WT,,,,,,G,,V,538.0,,,0,2.0
18HAxx00xs009PfF0510_S13,PfK13:R539T,PfK13,PfK13,R539T,WT,,,,,,R,,T,539.0,,,0,2.0
18HAxx00xs009PfF0510_S13,PfK13:I543T,PfK13,PfK13,I543T,WT,,,,,,I,,T,543.0,,,0,2.0
18HAxx00xs009PfF0510_S13,PfK13:P553L,PfK13,PfK13,P553L,WT,,,,,,P,,L,553.0,,,0,2.0
18HAxx00xs009PfF0510_S13,PfK13:R561H,PfK13,PfK13,R561H,WT,,,,,,R,,H,561.0,,,0,2.0
18HAxx00xs009PfF0510_S13,PfK13:V568G,PfK13,PfK13,V568G,WT,,,,,,V,,G,568.0,,,0,2.0
18HAxx00xs009PfF0510_S13,PfK13:P574L,PfK13,PfK13,P574L,WT,,,,,,P,,L,574.0,,,0,2.0
18HAxx00xs009PfF0510_S13,PfK13:C580Y,PfK13,PfK13,C580Y,WT,,,,,,C,,Y,580.0,,,0,2.0
18HAxx00xs009PfF0510_S13,PfK13:F673I,PfK13,PfK13,F673I,WT,,,,,,F,,I,673.0,,,0,2.0
18HAxx00xs009PfF0510_S13,PfK13:A675V,PfK13,PfK13,A675V,WT,,,,,,A,,V,675.0,,,0,2.0
18HAxx00xs009PfF0510_S13,PfMDR1:N86Y,PfMDR1,PfMDR1,N86Y,WT,,,,,,N,,Y,86.0,,,0,2.0
18HAxx00xs009PfF0510_S13,PfMDR1:Y184F,PfMDR1,PfMDR1,Y184F,WT,,,,,,Y,,F,184.0,,,0,2.0
18HAxx00xs009PfF0510_S13,PfMDR1:S1034C,PfMDR1,PfMDR1,S1034C,WT,,,,,,S,,C,1034.0,,,0,2.0
18HAxx00xs009PfF0510_S13,PfMDR1:N1042D,PfMDR1,PfMDR1,N1042D,WT,,,,,,N,,D,1042.0,,,0,2.0
18HAxx00xs009PfF0510_S13,PfMDR1:D1246Y,PfMDR1,PfMDR1,D1246Y,WT,,,,,,D,,Y,1246.0,,,0,2.0
18HAxx00xs010PfF0510_S15,CYTOb:I258M,MT,CYTOb,I258M,WT,,,,,,I,,M,258.0,,,0,2.0
18HAxx00xs010PfF0510_S15,CYTOb:Y268S,MT,CYTOb,Y268S,WT,,,,,,Y,,S,268.0,,,0,2.0
18HAxx00xs010PfF0510_S15,CYTOb:Y268C,MT,CYTOb,Y268C,WT,,,,,,Y,,C,268.0,,,0,2.0
18HAxx00xs010PfF0510_S15,PfCRT:C72S,PfCRT,PfCRT,C72S,WT,,,,,,C,,S,72.0,,,3,2.0
18HAxx00xs010PfF0510_S15,PfCRT:M74I,PfCRT,PfCRT,M74I,WT,,,,,,M,,I,74.0,,,2,2.0
18HAxx00xs010PfF0510_S15,PfCRT:N75E,PfCRT,PfCRT,N75E,WT,,,,,,N,,E,75.0,,,2,2.0
18HAxx00xs010PfF0510_S15,PfCRT:K76T,PfCRT,PfCRT,K76T,WT,,,,,,K,,T,76.0,,,2,2.0
18HAxx00xs010PfF0510_S15,PfCRT:F145I,PfCRT,PfCRT,F145I,WT,,,,,,F,,I,145.0,,,8,2.0
18HAxx00xs010PfF0510_S15,PfCRT:A220S,PfCRT,PfCRT,A220S,WT,,,,,,A,,S,220.0,,,0,2.0
18HAxx00xs010PfF0510_S15,PfCRT:Q271E,PfCRT,PfCRT,Q271E,WT,,,,,,Q,,E,271.0,,,2,2.0
18HAxx00xs010PfF0510_S15,PfCRT:N326S,PfCRT,PfCRT,N326S,WT,,,,,,N,,S,326.0,,,2,2.0
18HAxx00xs010PfF0510_S15,PfCRT:C350S,PfCRT,PfCRT,C350S,WT,,,,,,C,,S,350.0,,,2,2.0
18HAxx00xs010PfF0510_S15,PfCRT:I356T,PfCRT,PfCRT,I356T,WT,,,,,,I,,T,356.0,,,2,2.0
18HAxx00xs010PfF0510_S15,PfCRT:R371I,PfCRT,PfCRT,R371I,WT,,,,,,R,,I,371.0,,,1,2.0
18HAxx00xs010PfF0510_S15,PfDHFR:N51I,PfDHFR,PfDHFR,N51I,WT,,,,,,N,,I,51.0,,,0,2.0
18HAxx00xs010PfF0510_S15,PfDHFR:C59R,PfDHFR,PfDHFR,C59R,WT,,,,,,C,,R,59.0,,,0,2.0
18HAxx00xs010PfF0510_S15,PfDHFR:S108N,PfDHFR,PfDHFR,S108N,WT,,,,,,S,,N,108.0,,,0,2.0
18HAxx00xs010PfF0510_S15,PfDHPS:S436A,PfDHPS,PfDHPS,S436A,WT,,,,,,S,,A,436.0,,,0,2.0
18HAxx00xs010PfF0510_S15,PfDHPS:A437G,PfDHPS,PfDHPS,A437G,WT,,,,,,A,,G,437.0,,,0,2.0
18HAxx00xs010PfF0510_S15,PfDHPS:K540E,PfDHPS,PfDHPS,K540E,WT,,,,,,K,,E,540.0,,,0,2.0
18HAxx00xs010PfF0510_S15,PfDHPS:A581G,PfDHPS,PfDHPS,A581G,WT,,,,,,A,,G,581.0,,,0,2.0
18HAxx00xs010PfF0510_S15,PfDHPS:A613S,PfDHPS,PfDHPS,A613S,WT,,,,,,A,,S,613.0,,,0,2.0
18HAxx00xs010PfF0510_S15,PfK13:P441L,PfK13,PfK13,P441L,WT,,,,,,P,,L,441.0,,,0,2.0
18HAxx00xs010PfF0510_S15,PfK13:F446I,PfK13,PfK13,F446I,WT,,,,,,F,,I,446.0,,,0,2.0
18HAxx00xs010PfF0510_S15,PfK13:G449A,PfK13,PfK13,G449A,WT,,,,,,G,,A,449.0,,,0,2.0
18HAxx00xs010PfF0510_S15,PfK13:N458Y,PfK13,PfK13,N458Y,WT,,,,,,N,,Y,458.0,,,0,2.0
18HAxx00xs010PfF0510_S15,PfK13:C469Y,PfK13,PfK13,C469Y,WT,,,,,,C,,Y,469.0,,,0,2.0
18HAxx00xs010PfF0510_S15,PfK13:M476I,PfK13,PfK13,M476I,WT,,,,,,M,,I,476.0,,,0,2.0
18HAxx00xs010PfF0510_S15,PfK13:A481V,PfK13,PfK13,A481V,WT,,,,,,A,,V,481.0,,,0,2.0
18HAxx00xs010PfF0510_S15,PfK13:Y493H,PfK13,PfK13,Y493H,WT,,,,,,Y,,H,493.0,,,0,2.0
18HAxx00xs010PfF0510_S15,PfK13:P527H,PfK13,PfK13,P527H,WT,,,,,,P,,H,527.0,,,0,2.0
18HAxx00xs010PfF0510_S15,PfK13:N537I,PfK13,PfK13,N537I,WT,,,,,,N,,I,537.0,,,0,2.0
18HAxx00xs010PfF0510_S15,PfK13:G538V,PfK13,PfK13,G538V,WT,,,,,,G,,V,538.0,,,0,2.0
18HAxx00xs010PfF0510_S15,PfK13:R539T,PfK13,PfK13,R539T,WT,,,,,,R,,T,539.0,,,0,2.0
18HAxx00xs010PfF0510_S15,PfK13:I543T,PfK13,PfK13,I543T,WT,,,,,,I,,T,543.0,,,0,2.0
18HAxx00xs010PfF0510_S15,PfK13:P553L,PfK13,PfK13,P553L,WT,,,,,,P,,L,553.0,,,0,2.0
18HAxx00xs010PfF0510_S15,PfK13:R561H,PfK13,PfK13,R561H,WT,,,,,,R,,H,561.0,,,0,2.0
18HAxx00xs010PfF0510_S15,PfK13:V568G,PfK13,PfK13,V568G,WT,,,,,,V,,G,568.0,,,0,2.0
18HAxx00xs010PfF0510_S15,PfK13:P574L,PfK13,PfK13,P574L,WT,,,,,,P,,L,574.0,,,0,2.0
18HAxx00xs010PfF0510_S15,PfK13:C580Y,PfK13,PfK13,C580Y,WT,,,,,,C,,Y,580.0,,,0,2.0
18HAxx00xs010PfF0510_S15,PfK13:F673I,PfK13,PfK13,F673I,WT,,,,,,F,,I,673.0,,,0,2.0
18HAxx00xs010PfF0510_S15,PfK13:A675V,PfK13,PfK13,A675V,WT,,,,,,A,,V,675.0,,,0,2.0
18HAxx00xs010PfF0510_S15,PfMDR1:N86Y,PfMDR1,PfMDR1,N86Y,WT,,,,,,N,,Y,86.0,,,0,2.0
18HAxx00xs010PfF0510_S15,PfMDR1:Y184F,PfMDR1,PfMDR1,Y184F,WT,,,,,,Y,,F,184.0,,,0,2.0
18HAxx00xs010PfF0510_S15,PfMDR1:S1034C,PfMDR1,PfMDR1,S1034C,WT,,,,,,S,,C,1034.0,,,0,2.0
18HAxx00xs010PfF0510_S15,PfMDR1:N1042D,PfMDR1,PfMDR1,N1042D,WT,,,,,,N,,D,1042.0,,,0,2.0
18HAxx00xs010PfF0510_S15,PfMDR1:D1246Y,PfMDR1,PfMDR1,D1246Y,WT,,,,,,D,,Y,1246.0,,,0,2.0
