Sample,Variant,Chrom,Gene,Ref,Alt,Pos,Qual,RefCodon,RefAA,AltCodon,AltAA,AAPos,Exon,AF,DP,Conf
18HAxx00x07G8PfF0510_S11,PfCRT:N326D,PfCRT,PfCRT,A,G,2235.0,6374.77,AAC,N,GAC,D,326,exon9,100.0,220,2
18HAxx00x07G8PfF0510_S11,PfCRT:I356L,PfCRT,PfCRT,A,T,2473.0,23734.77,ATA,I,TTA,L,356,exon10,100.0,897,2
18HAxx00x0Dd2PfF0510_S16,PfDHPS:A437A,PfDHPS,PfDHPS,G,T,1487.0,56276.77,GCG,A,GCT,A,437,exon2,100.0,1299,2
18HAxx00x0Dd2PfF0510_S16,PfMDR1:N86F,PfMDR1,PfMDR1,"A,A","T,T",256.0,16678.77,AAT,N,TTT,F,86,exon1,100.0,447,2
18HAxx00x0HB3PfF0510_S9,PfDHPS:A437A,PfDHPS,PfDHPS,G,T,1487.0,65.28,GCG,A,GCT,A,437,exon2,100.0,3,2
18HAxx00xs001PfF0510_S1,PfCRT:G32G,PfCRT,PfCRT,C,A,368.0,537.77,GGC,G,GGA,G,32,exon2,17.51412429378531,187,2
18HAxx00xs001PfF0510_S1,PfDHPS:K142K,PfDHPS,PfDHPS,G,A,602.0,2021.77,AAG,K,AAA,K,142,exon2,34.35374149659864,309,2
18HAxx00xs001PfF0510_S1,PfDHPS:A437A,PfDHPS,PfDHPS,G,T,1487.0,23704.77,GCG,A,GCT,A,437,exon2,100.0,934,2
18HAxx00xs001PfF0510_S1,PfMDR1:F984F,PfMDR1,PfMDR1,T,C,2952.0,12672.77,TTT,F,TTC,F,984,exon1,48.44517184942717,1357,2
18HAxx00xs002PfF0510_S3,PfCRT:G32G,PfCRT,PfCRT,C,A,368.0,1468.77,GGC,G,GGA,G,32,exon2,32.87671232876712,232,2
18HAxx00xs002PfF0510_S3,PfDHPS:K142K,PfDHPS,PfDHPS,G,A,602.0,12492.77,AAG,K,AAA,K,142,exon2,100.0,476,2
18HAxx00xs002PfF0510_S3,PfDHPS:A437A,PfDHPS,PfDHPS,G,T,1487.0,47199.77,GCG,A,GCT,A,437,exon2,100.0,1884,2
18HAxx00xs002PfF0510_S3,PfMDR1:F984F,PfMDR1,PfMDR1,T,C,2952.0,20217.77,TTT,F,TTC,F,984,exon1,60.55749128919861,1609,2
18HAxx00xs003PfF0510_S4,PfCRT:G32G,PfCRT,PfCRT,C,A,368.0,2806.77,GGC,G,GGA,G,32,exon2,37.68996960486322,352,2
18HAxx00xs003PfF0510_S4,PfDHPS:K142K,PfDHPS,PfDHPS,G,A,602.0,12637.77,AAG,K,AAA,K,142,exon2,96.62698412698413,514,2
18HAxx00xs003PfF0510_S4,PfDHPS:A437A,PfDHPS,PfDHPS,G,T,1487.0,43491.77,GCG,A,GCT,A,437,exon2,100.0,1745,2
18HAxx00xs003PfF0510_S4,PfMDR1:F984F,PfMDR1,PfMDR1,T,C,2952.0,11785.77,TTT,F,TTC,F,984,exon1,49.137931034482754,1236,2
18HAxx00xs004PfF0510_S6,PfCRT:G32G,PfCRT,PfCRT,C,A,368.0,1274.77,GGC,G,GGA,G,32,exon2,21.551724137931032,381,2
18HAxx00xs004PfF0510_S6,PfDHPS:K142K,PfDHPS,PfDHPS,G,A,602.0,4550.77,AAG,K,AAA,K,142,exon2,40.319715808170514,584,2
18HAxx00xs004PfF0510_S6,PfDHPS:A437A,PfDHPS,PfDHPS,G,T,1487.0,45949.77,GCG,A,GCT,A,437,exon2,100.0,1808,2
18HAxx00xs004PfF0510_S6,PfMDR1:I792I,PfMDR1,PfMDR1,T,C,2376.0,2779.77,ATT,I,ATC,I,792,exon1,29.499072356215212,562,2
18HAxx00xs004PfF0510_S6,PfMDR1:F984F,PfMDR1,PfMDR1,T,C,2952.0,473.77,TTT,F,TTC,F,984,exon1,12.262357414448669,1116,2
18HAxx00xs004PfF0510_S6,PfMDR1:G1074S,PfMDR1,PfMDR1,G,A,3220.0,7661.77,GGT,G,AGT,S,1074,exon1,57.31292517006803,630,2
18HAxx00xs005PfF0510_S7,PfDHPS:A437A,PfDHPS,PfDHPS,G,T,1487.0,3658.77,GCG,A,GCT,A,437,exon2,100.0,142,2
18HAxx00xs005PfF0510_S7,PfMDR1:F984F,PfMDR1,PfMDR1,T,C,2952.0,3033.77,TTT,F,TTC,F,984,exon1,83.43949044585987,169,2
18HAxx00xs006PfF0510_S8,PfDHPS:A437A,PfDHPS,PfDHPS,G,T,1487.0,3190.77,GCG,A,GCT,A,437,exon2,100.0,125,2
18HAxx00xs006PfF0510_S8,PfMDR1:F984F,PfMDR1,PfMDR1,T,C,2952.0,1645.77,TTT,F,TTC,F,984,exon1,73.07692307692307,106,2
18HAxx00xs007PfF0510_S10,PfDHPS:A437A,PfDHPS,PfDHPS,G,T,1487.0,1942.77,GCG,A,GCT,A,437,exon2,100.0,77,2
18HAxx00xs007PfF0510_S10,PfMDR1:S232F,PfMDR1,PfMDR1,C,T,695.0,3009.77,TCC,S,TTC,F,232,exon1,35.79952267303103,472,2
18HAxx00xs007PfF0510_S10,PfMDR1:F984F,PfMDR1,PfMDR1,T,C,2952.0,7550.77,TTT,F,TTC,F,984,exon1,67.13995943204868,504,2
18HAxx00xs008PfF0510_S12,PfDHPS:A437A,PfDHPS,PfDHPS,G,T,1487.0,2281.77,GCG,A,GCT,A,437,exon2,100.0,87,2
18HAxx00xs008PfF0510_S12,PfMDR1:I792I,PfMDR1,PfMDR1,T,C,2376.0,55.77,ATT,I,ATC,I,792,exon1,19.444444444444446,36,2
18HAxx00xs008PfF0510_S12,PfMDR1:F984F,PfMDR1,PfMDR1,T,C,2952.0,1099.77,TTT,F,TTC,F,984,exon1,85.45454545454545,57,2
18HAxx00xs009PfF0510_S13,PfCRT:G32G,PfCRT,PfCRT,C,A,368.0,234.77,GGC,G,GGA,G,32,exon2,34.375,32,2
