Sample,Variant,Gene,Pos,Qual,Ref,Alt,AAPos,AltCodon,RefCodon,RefAA,AltAA,DP,AF,Conf,Exon,Chrom
18HAxx00xs001PfF0510_S1,PfCRT:G211T,PfCRT,211,2117.77,G,T,,NA,NA,NA,NA,277,41.15523465703971,2,Intron,PfCRT
18HAxx00xs001PfF0510_S1,PfCRT:T1083A,PfCRT,1083,95.0,T,A,,NA,NA,NA,NA,43,80.0,1,Intron,PfCRT
18HAxx00xs001PfF0510_S1,PfCRT:A1117T,PfCRT,1117,12.05,A,T,,NA,NA,NA,NA,108,14.705882352941178,2,Intron,PfCRT
18HAxx00xs001PfF0510_S1,PfCRT:A2166T,PfCRT,2166,1016.77,A,T,,NA,NA,NA,NA,144,31.25,2,Intron,PfCRT
18HAxx00xs001PfF0510_S1,PfCRT:A2193T,PfCRT,2193,340.77,A,T,,NA,NA,NA,NA,140,39.50617283950617,2,Intron,PfCRT
18HAxx00xs001PfF0510_S1,PfCRT:C3105T,PfCRT,3105,92.77,C,T,,NA,NA,NA,NA,118,14.529914529914532,2,Intron,PfCRT
18HAxx00x0HB3PfF0510_S9,PfCRT:G211T,PfCRT,211,4265.77,G,T,,NA,NA,NA,NA,162,100.0,2,Intron,PfCRT
18HAxx00x0HB3PfF0510_S9,PfCRT:T1079A,PfCRT,1079,118.0,T,A,,NA,NA,NA,NA,49,54.54545454545454,1,Intron,PfCRT
18HAxx00x0HB3PfF0510_S9,PfCRT:T1083A,PfCRT,1083,190.0,T,A,,NA,NA,NA,NA,65,75.0,1,Intron,PfCRT
18HAxx00x0HB3PfF0510_S9,PfCRT:G1601A,PfCRT,1601,15698.77,G,A,,NA,NA,NA,NA,413,100.0,2,Intron,PfCRT
18HAxx00x0HB3PfF0510_S9,PfCRT:A2193T,PfCRT,2193,743.77,A,T,,NA,NA,NA,NA,191,40.57971014492754,2,Intron,PfCRT
18HAxx00x0HB3PfF0510_S9,PfCRT:C3105T,PfCRT,3105,2206.77,C,T,,NA,NA,NA,NA,86,100.0,2,Intron,PfCRT
18HAxx00xs003PfF0510_S4,PfCRT:C345T,PfCRT,345,220.77,C,T,,NA,NA,NA,NA,127,26.01626016260163,1,Intron,PfCRT
18HAxx00xs003PfF0510_S4,PfCRT:C346T,PfCRT,346,220.77,C,T,,NA,NA,NA,NA,108,15.887850467289718,1,Intron,PfCRT
18HAxx00xs003PfF0510_S4,PfCRT:C347T,PfCRT,347,222.77,C,T,,NA,NA,NA,NA,120,9.166666666666666,1,Intron,PfCRT
18HAxx00xs003PfF0510_S4,PfCRT:T1079A,PfCRT,1079,40.3216,T,A,,NA,NA,NA,NA,26,50.0,1,Intron,PfCRT
18HAxx00xs003PfF0510_S4,PfCRT:T1083A,PfCRT,1083,198.0,T,A,,NA,NA,NA,NA,50,90.0,1,Intron,PfCRT
18HAxx00xs003PfF0510_S4,PfCRT:A1117T,PfCRT,1117,757.77,A,T,,NA,NA,NA,NA,99,43.43434343434344,2,Intron,PfCRT
18HAxx00xs003PfF0510_S4,PfCRT:A2166T,PfCRT,2166,1524.77,A,T,,NA,NA,NA,NA,171,34.50292397660819,2,Intron,PfCRT
18HAxx00xs003PfF0510_S4,PfCRT:A2193T,PfCRT,2193,572.77,A,T,,NA,NA,NA,NA,166,45.19230769230769,2,Intron,PfCRT
18HAxx00xs007PfF0510_S10,PfCRT:G211T,PfCRT,211,1642.77,G,T,,NA,NA,NA,NA,144,56.94444444444444,2,Intron,PfCRT
18HAxx00xs007PfF0510_S10,PfCRT:T1101A,PfCRT,1101,135.0,T,A,,NA,NA,NA,NA,29,41.66666666666667,1,Intron,PfCRT
18HAxx00xs007PfF0510_S10,PfCRT:A1117T,PfCRT,1117,136.0,A,T,,NA,NA,NA,NA,52,20.689655172413794,1,Intron,PfCRT
18HAxx00xs007PfF0510_S10,PfCRT:T2187A,PfCRT,2187,1248.77,T,A,,NA,NA,NA,NA,141,57.01754385964912,2,Intron,PfCRT
18HAxx00xs007PfF0510_S10,PfCRT:A2193T,PfCRT,2193,312.77,A,T,,NA,NA,NA,NA,143,33.33333333333333,2,Intron,PfCRT
18HAxx00xs007PfF0510_S10,PfCRT:G2543A,PfCRT,2543,486.77,G,A,,NA,NA,NA,NA,219,11.926605504587156,2,Intron,PfCRT
18HAxx00xs007PfF0510_S10,PfCRT:A2547T,PfCRT,2547,419.77,A,T,,NA,NA,NA,NA,201,11.5,2,Intron,PfCRT
18HAxx00xs007PfF0510_S10,PfCRT:G2554C,PfCRT,2554,473.77,G,C,,NA,NA,NA,NA,206,12.195121951219512,2,Intron,PfCRT
18HAxx00xs007PfF0510_S10,PfCRT:G2563C,PfCRT,2563,494.77,G,C,,NA,NA,NA,NA,186,13.440860215053762,2,Intron,PfCRT
18HAxx00xs007PfF0510_S10,PfCRT:A2676G,PfCRT,2676,213.77,A,G,,NA,NA,NA,NA,144,10.416666666666668,1,Intron,PfCRT
18HAxx00xs009PfF0510_S13,PfCRT:A1117T,PfCRT,1117,120.0,A,T,,NA,NA,NA,NA,25,30.76923076923077,1,Intron,PfCRT
18HAxx00xs009PfF0510_S13,PfCRT:A2166T,PfCRT,2166,91.77,A,T,,NA,NA,NA,NA,22,27.27272727272727,2,Intron,PfCRT
18HAxx00x07G8PfF0510_S11,PfCRT:A1067T,PfCRT,1067,96.0,A,T,,NA,NA,NA,NA,23,100.0,1,Intron,PfCRT
18HAxx00x07G8PfF0510_S11,PfCRT:T1069A,PfCRT,1069,77.0,T,A,,NA,NA,NA,NA,20,88.88888888888889,1,Intron,PfCRT
18HAxx00x07G8PfF0510_S11,PfCRT:A1075T,PfCRT,1075,70.0,A,T,,NA,NA,NA,NA,17,72.72727272727273,1,Intron,PfCRT
18HAxx00x07G8PfF0510_S11,PfCRT:T1105A,PfCRT,1105,205.0,T,A,,NA,NA,NA,NA,29,100.0,1,Intron,PfCRT
18HAxx00x07G8PfF0510_S11,PfCRT:A2193T,PfCRT,2193,798.77,A,T,,NA,NA,NA,NA,169,51.181102362204726,2,Intron,PfCRT
18HAxx00x07G8PfF0510_S11,PfCRT:C3105T,PfCRT,3105,2560.77,C,T,,NA,NA,NA,NA,97,100.0,2,Intron,PfCRT
18HAxx00xs002PfF0510_S3,PfCRT:G211T,PfCRT,211,1081.77,G,T,,NA,NA,NA,NA,300,25.0,2,Intron,PfCRT
18HAxx00xs002PfF0510_S3,PfCRT:T1079A,PfCRT,1079,59.0,T,A,,NA,NA,NA,NA,22,100.0,1,Intron,PfCRT
18HAxx00xs002PfF0510_S3,PfCRT:T1083A,PfCRT,1083,91.0,T,A,,NA,NA,NA,NA,31,100.0,1,Intron,PfCRT
18HAxx00xs002PfF0510_S3,PfCRT:A1117T,PfCRT,1117,481.77,A,T,,NA,NA,NA,NA,71,38.028169014084504,2,Intron,PfCRT
18HAxx00xs002PfF0510_S3,PfCRT:A1778G,PfCRT,1778,54.0,A,G,,NA,NA,NA,NA,541,50.6578947368421,1,Intron,PfCRT
18HAxx00xs002PfF0510_S3,PfCRT:A2166T,PfCRT,2166,1198.77,A,T,,NA,NA,NA,NA,155,32.467532467532465,2,Intron,PfCRT
18HAxx00xs002PfF0510_S3,PfCRT:A2193T,PfCRT,2193,409.77,A,T,,NA,NA,NA,NA,130,47.5609756097561,2,Intron,PfCRT
18HAxx00xs006PfF0510_S8,PfCRT:G350T,PfCRT,350,682.77,G,T,,NA,NA,NA,NA,119,19.327731092436977,1,Intron,PfCRT
18HAxx00xs006PfF0510_S8,PfCRT:T1079A,PfCRT,1079,59.0,T,A,,NA,NA,NA,NA,37,50.0,1,Intron,PfCRT
18HAxx00xs006PfF0510_S8,PfCRT:T1083A,PfCRT,1083,191.0,T,A,,NA,NA,NA,NA,60,100.0,1,Intron,PfCRT
18HAxx00xs006PfF0510_S8,PfCRT:A2193T,PfCRT,2193,744.77,A,T,,NA,NA,NA,NA,197,50.0,2,Intron,PfCRT
18HAxx00xs010PfF0510_S15,PfCRT:A2193T,PfCRT,2193,21.77,A,T,,NA,NA,NA,NA,2,100.0,1,Intron,PfCRT
18HAxx00xs010PfF0510_S15,PfDHPS:C172A,PfDHPS,172,16.5123,C,A,,NA,NA,NA,NA,3,100.0,1,Intron,PfDHPS
18HAxx00xs010PfF0510_S15,PfDHPS:C178T,PfDHPS,178,16.5123,C,T,,NA,NA,NA,NA,2,100.0,1,Intron,PfDHPS
18HAxx00xs005PfF0510_S7,PfCRT:C345T,PfCRT,345,388.77,C,T,,NA,NA,NA,NA,81,32.098765432098766,1,Intron,PfCRT
18HAxx00xs005PfF0510_S7,PfCRT:C346T,PfCRT,346,388.77,C,T,,NA,NA,NA,NA,76,25.0,1,Intron,PfCRT
18HAxx00xs005PfF0510_S7,PfCRT:C347T,PfCRT,347,388.77,C,T,,NA,NA,NA,NA,72,18.055555555555554,1,Intron,PfCRT
18HAxx00xs005PfF0510_S7,PfCRT:T1083A,PfCRT,1083,106.0,T,A,,NA,NA,NA,NA,52,66.66666666666666,1,Intron,PfCRT
18HAxx00xs005PfF0510_S7,PfCRT:A2193T,PfCRT,2193,214.77,A,T,,NA,NA,NA,NA,64,54.83870967741935,2,Intron,PfCRT
18HAxx00xs004PfF0510_S6,PfCRT:G211T,PfCRT,211,4479.77,G,T,,NA,NA,NA,NA,451,48.55875831485588,2,Intron,PfCRT
18HAxx00xs004PfF0510_S6,PfCRT:C677T,PfCRT,677,11099.77,C,T,,NA,NA,NA,NA,956,52.14659685863874,2,Intron,PfCRT
18HAxx00xs004PfF0510_S6,PfCRT:T1079A,PfCRT,1079,26.3909,T,A,,NA,NA,NA,NA,52,23.076923076923077,1,Intron,PfCRT
18HAxx00xs004PfF0510_S6,PfCRT:T1083A,PfCRT,1083,184.0,T,A,,NA,NA,NA,NA,82,77.77777777777779,1,Intron,PfCRT
18HAxx00xs004PfF0510_S6,PfCRT:T1101A,PfCRT,1101,1167.77,T,A,,NA,NA,NA,NA,132,46.45669291338583,2,Intron,PfCRT
18HAxx00xs004PfF0510_S6,PfCRT:A1117T,PfCRT,1117,3178.77,A,T,,NA,NA,NA,NA,153,71.89542483660131,2,Intron,PfCRT
18HAxx00xs004PfF0510_S6,PfCRT:A2166T,PfCRT,2166,242.77,A,T,,NA,NA,NA,NA,198,12.121212121212121,1,Intron,PfCRT
18HAxx00xs004PfF0510_S6,PfCRT:T2187A,PfCRT,2187,889.77,T,A,,NA,NA,NA,NA,207,38.41059602649007,2,Intron,PfCRT
18HAxx00xs004PfF0510_S6,PfCRT:A2193T,PfCRT,2193,730.77,A,T,,NA,NA,NA,NA,221,40.27777777777778,2,Intron,PfCRT
18HAxx00xs004PfF0510_S6,PfCRT:G2402T,PfCRT,2402,8742.77,G,T,,NA,NA,NA,NA,780,52.56410256410257,2,Intron,PfCRT
18HAxx00xs004PfF0510_S6,PfCRT:G2543A,PfCRT,2543,9783.77,G,A,,NA,NA,NA,NA,615,41.46341463414634,2,Intron,PfCRT
18HAxx00xs004PfF0510_S6,PfCRT:A2547T,PfCRT,2547,10115.73,A,T,,NA,NA,NA,NA,606,45.936395759717314,2,Intron,PfCRT
18HAxx00xs004PfF0510_S6,PfCRT:G2554C,PfCRT,2554,10608.77,G,C,,NA,NA,NA,NA,613,42.57748776508972,2,Intron,PfCRT
18HAxx00xs004PfF0510_S6,PfCRT:G2563C,PfCRT,2563,8318.77,G,C,,NA,NA,NA,NA,505,42.97029702970297,2,Intron,PfCRT
18HAxx00xs004PfF0510_S6,PfCRT:A2676G,PfCRT,2676,7955.77,A,G,,NA,NA,NA,NA,413,47.94188861985472,1,Intron,PfCRT
18HAxx00x0Dd2PfF0510_S16,PfCRT:A1067T,PfCRT,1067,31.4175,A,T,,NA,NA,NA,NA,18,100.0,1,Intron,PfCRT
18HAxx00x0Dd2PfF0510_S16,PfCRT:A1075T,PfCRT,1075,30.4183,A,T,,NA,NA,NA,NA,7,100.0,1,Intron,PfCRT
18HAxx00x0Dd2PfF0510_S16,PfCRT:T1079A,PfCRT,1079,19.806,T,A,,NA,NA,NA,NA,3,66.66666666666666,1,Intron,PfCRT
18HAxx00x0Dd2PfF0510_S16,PfCRT:A2193T,PfCRT,2193,354.77,A,T,,NA,NA,NA,NA,114,40.0,2,Intron,PfCRT
18HAxx00xs008PfF0510_S12,PfCRT:C345T,PfCRT,345,221.77,C,T,,NA,NA,NA,NA,55,31.48148148148148,1,Intron,PfCRT
18HAxx00xs008PfF0510_S12,PfCRT:C346T,PfCRT,346,221.77,C,T,,NA,NA,NA,NA,52,27.450980392156865,1,Intron,PfCRT
18HAxx00xs008PfF0510_S12,PfCRT:C347T,PfCRT,347,220.77,C,T,,NA,NA,NA,NA,43,14.285714285714285,1,Intron,PfCRT
18HAxx00xs008PfF0510_S12,PfCRT:T1079A,PfCRT,1079,4.23755,T,A,,NA,NA,NA,NA,9,50.0,1,Intron,PfCRT
18HAxx00xs008PfF0510_S12,PfCRT:T1083A,PfCRT,1083,60.0,T,A,,NA,NA,NA,NA,13,100.0,1,Intron,PfCRT
18HAxx00xs008PfF0510_S12,PfCRT:G1782A,PfCRT,1782,38.2503,G,A,,NA,NA,NA,NA,131,9.230769230769232,1,Intron,PfCRT
18HAxx00xs008PfF0510_S12,PfCRT:A2193T,PfCRT,2193,208.77,A,T,,NA,NA,NA,NA,59,40.816326530612244,2,Intron,PfCRT
