Sample,Variant,Gene,Pos,Qual,Ref,Alt,AAPos,AltCodon,RefCodon,RefAA,AltAA,DP,AF,Conf,Exon,Chrom
18HAxx00x9866PfF0510_S61,PfCRT:T1069A,PfCRT,1069,109.9,T,A,,NA,NA,NA,NA,5,100.0,1,Intron,PfCRT
18HAxx00x9866PfF0510_S61,PfCRT:T1079A,PfCRT,1079,55.0,T,A,,NA,NA,NA,NA,4,100.0,1,Intron,PfCRT
18HAxx00x9866PfF0510_S61,PfCRT:T1083A,PfCRT,1083,55.0,T,A,,NA,NA,NA,NA,6,100.0,1,Intron,PfCRT
18HAxx00x9866PfF0510_S61,PfCRT:A2193T,PfCRT,2193,120.77,A,T,,NA,NA,NA,NA,28,47.368421052631575,2,Intron,PfCRT
18HAxx00x9866PfF0510_S61,PfDHPS:G309T,PfDHPS,309,5.26298,G,T,,NA,NA,NA,NA,12,14.285714285714285,1,Intron,PfDHPS
18HAxx00x9832PfF0510_S6,PfCRT:T1079A,PfCRT,1079,8.89279,T,A,,NA,NA,NA,NA,12,50.0,1,Intron,PfCRT
18HAxx00x9832PfF0510_S6,PfCRT:T1083A,PfCRT,1083,58.0,T,A,,NA,NA,NA,NA,14,100.0,1,Intron,PfCRT
18HAxx00x9832PfF0510_S6,PfCRT:A2193T,PfCRT,2193,45.77,A,T,,NA,NA,NA,NA,22,44.44444444444444,2,Intron,PfCRT
18HAxx00x9897PfF0510_S78,PfCRT:T1069A,PfCRT,1069,123.82,T,A,,NA,NA,NA,NA,7,100.0,2,Intron,PfCRT
18HAxx00x9897PfF0510_S78,PfCRT:T1079A,PfCRT,1079,4.84758,T,A,,NA,NA,NA,NA,7,25.0,1,Intron,PfCRT
18HAxx00x9897PfF0510_S78,PfCRT:T1083A,PfCRT,1083,18.4764,T,A,,NA,NA,NA,NA,6,100.0,1,Intron,PfCRT
18HAxx00x9897PfF0510_S78,PfCRT:A2193T,PfCRT,2193,35.4156,A,T,,NA,NA,NA,NA,7,100.0,1,Intron,PfCRT
18HAxx00x10026PfF0510_S7,PfCRT:G211T,PfCRT,211,1097.77,G,T,,NA,NA,NA,NA,45,100.0,2,Intron,PfCRT
18HAxx00x10026PfF0510_S7,PfCRT:T1083A,PfCRT,1083,42.4025,T,A,,NA,NA,NA,NA,9,40.0,1,Intron,PfCRT
18HAxx00x10026PfF0510_S7,PfCRT:A1117T,PfCRT,1117,225.0,A,T,,NA,NA,NA,NA,21,100.0,1,Intron,PfCRT
18HAxx00x10026PfF0510_S7,PfCRT:G1782A,PfCRT,1782,363.77,G,A,,NA,NA,NA,NA,76,26.31578947368421,1,Intron,PfCRT
18HAxx00x10026PfF0510_S7,PfCRT:G1786A,PfCRT,1786,157.77,G,A,,NA,NA,NA,NA,85,10.588235294117647,1,Intron,PfCRT
18HAxx00x10026PfF0510_S7,PfCRT:A2193T,PfCRT,2193,24.78,A,T,,NA,NA,NA,NA,27,35.0,2,Intron,PfCRT
18HAxx00x10026PfF0510_S7,PfCRT:C3105T,PfCRT,3105,260.77,C,T,,NA,NA,NA,NA,11,100.0,2,Intron,PfCRT
18HAxx00x9950PfF0510_S64,PfCRT:G211T,PfCRT,211,21.77,G,T,,NA,NA,NA,NA,2,100.0,2,Intron,PfCRT
18HAxx00x9950PfF0510_S64,PfDHPS:A2259T,PfDHPS,2259,4.27833,A,T,,NA,NA,NA,NA,4,50.0,1,Intron,PfDHPS
18HAxx00x9953PfF0510_S10,PfCRT:G211T,PfCRT,211,1615.77,G,T,,NA,NA,NA,NA,62,100.0,2,Intron,PfCRT
18HAxx00x9953PfF0510_S10,PfCRT:A1067T,PfCRT,1067,5.04598,A,T,,NA,NA,NA,NA,5,100.0,1,Intron,PfCRT
18HAxx00x9953PfF0510_S10,PfCRT:A2193T,PfCRT,2193,275.77,A,T,,NA,NA,NA,NA,33,60.71428571428571,2,Intron,PfCRT
18HAxx00x9919PfF0510_S52,PfCRT:G211T,PfCRT,211,2964.77,G,T,,NA,NA,NA,NA,118,100.0,2,Intron,PfCRT
18HAxx00x9919PfF0510_S52,PfCRT:A2193T,PfCRT,2193,313.77,A,T,,NA,NA,NA,NA,58,51.06382978723404,2,Intron,PfCRT
18HAxx00x10007PfF0510_S15,PfCRT:A732G,PfCRT,732,140.77,A,G,,NA,NA,NA,NA,77,37.03703703703704,1,Intron,PfCRT
18HAxx00x10007PfF0510_S15,PfCRT:A736G,PfCRT,736,27.77,A,G,,NA,NA,NA,NA,83,12.121212121212121,1,Intron,PfCRT
18HAxx00x10007PfF0510_S15,PfCRT:A1778G,PfCRT,1778,9.83919,A,G,,NA,NA,NA,NA,116,67.56756756756756,1,Intron,PfCRT
18HAxx00x10007PfF0510_S15,PfCRT:A2193T,PfCRT,2193,76.77,A,T,,NA,NA,NA,NA,21,42.857142857142854,2,Intron,PfCRT
18HAxx00x10000PfF0510_S37,PfCRT:T1069A,PfCRT,1069,62.28,T,A,,NA,NA,NA,NA,3,100.0,1,Intron,PfCRT
18HAxx00x10000PfF0510_S37,PfCRT:T1079A,PfCRT,1079,8.89279,T,A,,NA,NA,NA,NA,3,50.0,1,Intron,PfCRT
18HAxx00x10000PfF0510_S37,PfCRT:T1083A,PfCRT,1083,76.0,T,A,,NA,NA,NA,NA,7,75.0,1,Intron,PfCRT
18HAxx00x10000PfF0510_S37,PfCRT:A1117T,PfCRT,1117,210.0,A,T,,NA,NA,NA,NA,14,100.0,1,Intron,PfCRT
18HAxx00x10000PfF0510_S37,PfCRT:T1322A,PfCRT,1322,11.4691,T,A,,NA,NA,NA,NA,69,44.11764705882353,1,Intron,PfCRT
18HAxx00x10000PfF0510_S37,PfCRT:A2166T,PfCRT,2166,241.78,A,T,,NA,NA,NA,NA,8,100.0,2,Intron,PfCRT
18HAxx00x10000PfF0510_S37,PfCRT:A2193T,PfCRT,2193,12.6566,A,T,,NA,NA,NA,NA,5,100.0,1,Intron,PfCRT
18HAxx00x9575PfF0510_S68,PfCRT:G211T,PfCRT,211,2125.77,G,T,,NA,NA,NA,NA,84,100.0,2,Intron,PfCRT
18HAxx00x9575PfF0510_S68,PfCRT:G1782A,PfCRT,1782,17.701,G,A,,NA,NA,NA,NA,78,11.627906976744185,1,Intron,PfCRT
18HAxx00x9575PfF0510_S68,PfCRT:T2187A,PfCRT,2187,92.77,T,A,,NA,NA,NA,NA,13,54.54545454545454,2,Intron,PfCRT
18HAxx00x9575PfF0510_S68,PfCRT:A2193T,PfCRT,2193,195.56,A,T,,NA,NA,NA,NA,14,84.61538461538461,2,Intron,PfCRT
18HAxx00x9748PfF0510_S39,PfCRT:T1083A,PfCRT,1083,17.4923,T,A,,NA,NA,NA,NA,5,100.0,1,Intron,PfCRT
18HAxx00x9748PfF0510_S39,PfCRT:A1778G,PfCRT,1778,7.16779,A,G,,NA,NA,NA,NA,48,62.5,1,Intron,PfCRT
18HAxx00x9748PfF0510_S39,PfCRT:A2193T,PfCRT,2193,32.77,A,T,,NA,NA,NA,NA,24,33.33333333333333,2,Intron,PfCRT
18HAxx00x9593PfF0510_S2,PfCRT:T1069A,PfCRT,1069,138.78,T,A,,NA,NA,NA,NA,10,100.0,1,Intron,PfCRT
18HAxx00x9593PfF0510_S2,PfCRT:T1083A,PfCRT,1083,60.0,T,A,,NA,NA,NA,NA,10,100.0,1,Intron,PfCRT
18HAxx00x9593PfF0510_S2,PfCRT:A1117T,PfCRT,1117,225.0,A,T,,NA,NA,NA,NA,16,100.0,1,Intron,PfCRT
18HAxx00x9593PfF0510_S2,PfCRT:A2166T,PfCRT,2166,589.77,A,T,,NA,NA,NA,NA,16,100.0,2,Intron,PfCRT
18HAxx00x9593PfF0510_S2,PfCRT:A2193T,PfCRT,2193,65.77,A,T,,NA,NA,NA,NA,23,46.666666666666664,2,Intron,PfCRT
18HAxx00x9593PfF0510_S2,PfCRT:C3051T,PfCRT,3051,3.32068,C,T,,NA,NA,NA,NA,12,12.5,1,Intron,PfCRT
18HAxx00x9859PfF0510_S60,PfCRT:C345T,PfCRT,345,71.77,C,T,,NA,NA,NA,NA,17,35.294117647058826,1,Intron,PfCRT
18HAxx00x9859PfF0510_S60,PfCRT:C346T,PfCRT,346,71.77,C,T,,NA,NA,NA,NA,14,21.428571428571427,1,Intron,PfCRT
18HAxx00x9859PfF0510_S60,PfCRT:C347T,PfCRT,347,71.77,C,T,,NA,NA,NA,NA,18,16.666666666666664,1,Intron,PfCRT
18HAxx00x9859PfF0510_S60,PfCRT:T1083A,PfCRT,1083,19.4636,T,A,,NA,NA,NA,NA,4,100.0,1,Intron,PfCRT
18HAxx00x9859PfF0510_S60,PfCRT:A2193T,PfCRT,2193,285.77,A,T,,NA,NA,NA,NA,13,100.0,2,Intron,PfCRT
18HAxx00x9572PfF0510_S27,PfCRT:G211T,PfCRT,211,2048.77,G,T,,NA,NA,NA,NA,84,100.0,2,Intron,PfCRT
18HAxx00x9572PfF0510_S27,PfCRT:A2193T,PfCRT,2193,238.77,A,T,,NA,NA,NA,NA,30,66.66666666666666,2,Intron,PfCRT
18HAxx00x9625PfF0510_S48,PfCRT:G211T,PfCRT,211,663.77,G,T,,NA,NA,NA,NA,28,100.0,2,Intron,PfCRT
18HAxx00x10076PfF0510_S8,PfCRT:G211T,PfCRT,211,1355.77,G,T,,NA,NA,NA,NA,56,100.0,2,Intron,PfCRT
18HAxx00x10076PfF0510_S8,PfCRT:A1117T,PfCRT,1117,71.03,A,T,,NA,NA,NA,NA,4,100.0,2,Intron,PfCRT
18HAxx00x10076PfF0510_S8,PfCRT:A2193T,PfCRT,2193,56.77,A,T,,NA,NA,NA,NA,24,37.5,1,Intron,PfCRT
18HAxx00x10076PfF0510_S8,PfCRT:C3105T,PfCRT,3105,113.9,C,T,,NA,NA,NA,NA,5,100.0,2,Intron,PfCRT
18HAxx00x9780PfF0510_S55,PfCRT:G350T,PfCRT,350,49.77,G,T,,NA,NA,NA,NA,30,16.666666666666664,1,Intron,PfCRT
18HAxx00x9780PfF0510_S55,PfCRT:T1079A,PfCRT,1079,17.4923,T,A,,NA,NA,NA,NA,12,100.0,1,Intron,PfCRT
18HAxx00x9780PfF0510_S55,PfCRT:T1083A,PfCRT,1083,90.0,T,A,,NA,NA,NA,NA,20,100.0,1,Intron,PfCRT
18HAxx00x9780PfF0510_S55,PfCRT:A2193T,PfCRT,2193,41.77,A,T,,NA,NA,NA,NA,26,33.33333333333333,2,Intron,PfCRT
18HAxx00x9546PfF0510_S31,PfCRT:G211T,PfCRT,211,749.77,G,T,,NA,NA,NA,NA,30,100.0,2,Intron,PfCRT
18HAxx00x9546PfF0510_S31,PfCRT:G1782A,PfCRT,1782,53.0,G,A,,NA,NA,NA,NA,57,12.903225806451612,1,Intron,PfCRT
18HAxx00x9546PfF0510_S31,PfCRT:T2187A,PfCRT,2187,1028.77,T,A,,NA,NA,NA,NA,23,100.0,2,Intron,PfCRT
18HAxx00x9546PfF0510_S31,PfCRT:A2193T,PfCRT,2193,62.77,A,T,,NA,NA,NA,NA,24,33.33333333333333,2,Intron,PfCRT
18HAxx00x9647PfF0510_S12,PfCRT:T1079A,PfCRT,1079,16.5123,T,A,,NA,NA,NA,NA,11,100.0,1,Intron,PfCRT
18HAxx00x9647PfF0510_S12,PfCRT:T1083A,PfCRT,1083,150.0,T,A,,NA,NA,NA,NA,18,100.0,1,Intron,PfCRT
18HAxx00x9647PfF0510_S12,PfCRT:A1117T,PfCRT,1117,1455.77,A,T,,NA,NA,NA,NA,44,100.0,2,Intron,PfCRT
18HAxx00x9647PfF0510_S12,PfCRT:G1782A,PfCRT,1782,117.0,G,A,,NA,NA,NA,NA,313,14.5985401459854,1,Intron,PfCRT
18HAxx00x9647PfF0510_S12,PfCRT:A2166T,PfCRT,2166,1410.77,A,T,,NA,NA,NA,NA,41,100.0,2,Intron,PfCRT
18HAxx00x9647PfF0510_S12,PfCRT:A2193T,PfCRT,2193,243.77,A,T,,NA,NA,NA,NA,47,48.64864864864865,2,Intron,PfCRT
18HAxx00x9918PfF0510_S20,PfCRT:G211T,PfCRT,211,1117.77,G,T,,NA,NA,NA,NA,44,100.0,2,Intron,PfCRT
18HAxx00x9918PfF0510_S20,PfCRT:A1067T,PfCRT,1067,8.13869,A,T,,NA,NA,NA,NA,3,100.0,1,Intron,PfCRT
18HAxx00x9918PfF0510_S20,PfCRT:A2193T,PfCRT,2193,121.77,A,T,,NA,NA,NA,NA,23,50.0,2,Intron,PfCRT
18HAxx00x9838PfF0510_S54,PfCRT:A2193T,PfCRT,2193,16.86,A,T,,NA,NA,NA,NA,12,33.33333333333333,2,Intron,PfCRT
18HAxx00x9838PfF0510_S54,PfCRT:T2200C,PfCRT,2200,16.86,T,C,,NA,NA,NA,NA,12,16.666666666666664,1,Intron,PfCRT
18HAxx00x9545PfF0510_S51,PfCRT:G211T,PfCRT,211,1010.77,G,T,,NA,NA,NA,NA,42,100.0,2,Intron,PfCRT
18HAxx00x9545PfF0510_S51,PfCRT:G1782A,PfCRT,1782,110.0,G,A,,NA,NA,NA,NA,58,18.181818181818183,1,Intron,PfCRT
18HAxx00x9545PfF0510_S51,PfCRT:T2187A,PfCRT,2187,283.78,T,A,,NA,NA,NA,NA,8,100.0,2,Intron,PfCRT
18HAxx00x9545PfF0510_S51,PfCRT:A2193T,PfCRT,2193,38.415,A,T,,NA,NA,NA,NA,3,100.0,1,Intron,PfCRT
18HAxx00x9944PfF0510_S84,PfCRT:G211T,PfCRT,211,212.78,G,T,,NA,NA,NA,NA,10,100.0,2,Intron,PfCRT
18HAxx00x9944PfF0510_S84,PfCRT:G1733T,PfCRT,1733,16.86,G,T,,NA,NA,NA,NA,18,22.22222222222222,2,Intron,PfCRT
18HAxx00x9944PfF0510_S84,PfCRT:G1782A,PfCRT,1782,8.28014,G,A,,NA,NA,NA,NA,11,20.0,1,Intron,PfCRT
18HAxx00x9944PfF0510_S84,PfCRT:G2629A,PfCRT,2629,21.4353,G,A,,NA,NA,NA,NA,4,50.0,1,Intron,PfCRT
18HAxx00x9944PfF0510_S84,PfDHPS:A2264T,PfDHPS,2264,12.05,A,T,,NA,NA,NA,NA,3,66.66666666666666,2,Intron,PfDHPS
18HAxx00x9817PfF0510_S94,PfCRT:G1782A,PfCRT,1782,62.74,G,A,,NA,NA,NA,NA,2,100.0,1,Intron,PfCRT
18HAxx00x9817PfF0510_S94,PfCRT:G1786A,PfCRT,1786,62.74,G,A,,NA,NA,NA,NA,2,100.0,1,Intron,PfCRT
18HAxx00x17G8PfF0510_S30,PfCRT:A1067T,PfCRT,1067,3.7766,A,T,,NA,NA,NA,NA,3,100.0,1,Intron,PfCRT
18HAxx00x17G8PfF0510_S30,PfCRT:T1105A,PfCRT,1105,60.0,T,A,,NA,NA,NA,NA,4,100.0,1,Intron,PfCRT
18HAxx00x17G8PfF0510_S30,PfCRT:A2193T,PfCRT,2193,70.77,A,T,,NA,NA,NA,NA,24,50.0,2,Intron,PfCRT
18HAxx00x17G8PfF0510_S30,PfCRT:C3105T,PfCRT,3105,701.77,C,T,,NA,NA,NA,NA,28,100.0,2,Intron,PfCRT
18HAxx00x10102PfF0510_S63,PfCRT:G1782A,PfCRT,1782,132.77,G,A,,NA,NA,NA,NA,32,18.75,1,Intron,PfCRT
18HAxx00x10102PfF0510_S63,PfCRT:G1786A,PfCRT,1786,102.77,G,A,,NA,NA,NA,NA,39,15.384615384615385,1,Intron,PfCRT
18HAxx00x10102PfF0510_S63,PfCRT:G1790A,PfCRT,1790,96.77,G,A,,NA,NA,NA,NA,42,9.523809523809524,1,Intron,PfCRT
18HAxx00x10102PfF0510_S63,PfCRT:A2193T,PfCRT,2193,30.74,A,T,,NA,NA,NA,NA,2,100.0,1,Intron,PfCRT
18HAxx00x10102PfF0510_S63,PfCRT:G2829T,PfCRT,2829,21.2202,G,T,,NA,NA,NA,NA,3,50.0,1,Intron,PfCRT
18HAxx00x10102PfF0510_S63,PfCRT:T2963C,PfCRT,2963,7.88121,T,C,,NA,NA,NA,NA,11,16.666666666666664,1,Intron,PfCRT
18HAxx00x9943PfF0510_S53,PfCRT:G211T,PfCRT,211,812.77,G,T,,NA,NA,NA,NA,34,100.0,2,Intron,PfCRT
18HAxx00x9943PfF0510_S53,PfCRT:A1778G,PfCRT,1778,308.77,A,G,,NA,NA,NA,NA,13,100.0,2,Intron,PfCRT
18HAxx00x10163PfF0510_S45,PfCRT:G211T,PfCRT,211,1498.77,G,T,,NA,NA,NA,NA,61,100.0,2,Intron,PfCRT
18HAxx00x10163PfF0510_S45,PfCRT:C677T,PfCRT,677,3153.77,C,T,,NA,NA,NA,NA,119,100.0,2,Intron,PfCRT
18HAxx00x10163PfF0510_S45,PfCRT:T1083A,PfCRT,1083,59.0,T,A,,NA,NA,NA,NA,6,100.0,1,Intron,PfCRT
18HAxx00x10163PfF0510_S45,PfCRT:T1101A,PfCRT,1101,179.0,T,A,,NA,NA,NA,NA,12,100.0,1,Intron,PfCRT
18HAxx00x10163PfF0510_S45,PfCRT:A1117T,PfCRT,1117,225.0,A,T,,NA,NA,NA,NA,18,100.0,1,Intron,PfCRT
18HAxx00x10163PfF0510_S45,PfCRT:T2187A,PfCRT,2187,1330.77,T,A,,NA,NA,NA,NA,30,100.0,2,Intron,PfCRT
18HAxx00x10163PfF0510_S45,PfCRT:A2193T,PfCRT,2193,202.77,A,T,,NA,NA,NA,NA,32,53.333333333333336,2,Intron,PfCRT
18HAxx00x10163PfF0510_S45,PfCRT:G2402T,PfCRT,2402,3325.77,G,T,,NA,NA,NA,NA,132,100.0,2,Intron,PfCRT
18HAxx00x10163PfF0510_S45,PfCRT:G2543A,PfCRT,2543,2900.77,G,A,,NA,NA,NA,NA,66,100.0,2,Intron,PfCRT
18HAxx00x10163PfF0510_S45,PfCRT:A2547T,PfCRT,2547,2896.77,A,T,,NA,NA,NA,NA,65,100.0,2,Intron,PfCRT
18HAxx00x10163PfF0510_S45,PfCRT:G2554C,PfCRT,2554,3166.77,G,C,,NA,NA,NA,NA,64,100.0,2,Intron,PfCRT
18HAxx00x10163PfF0510_S45,PfCRT:G2563C,PfCRT,2563,2130.77,G,C,,NA,NA,NA,NA,39,100.0,2,Intron,PfCRT
18HAxx00x10163PfF0510_S45,PfCRT:A2676G,PfCRT,2676,2875.77,A,G,,NA,NA,NA,NA,63,100.0,1,Intron,PfCRT
18HAxx00x10018PfF0510_S17,PfCRT:G211T,PfCRT,211,526.77,G,T,,NA,NA,NA,NA,21,100.0,2,Intron,PfCRT
18HAxx00x10018PfF0510_S17,PfCRT:T1105A,PfCRT,1105,88.0,T,A,,NA,NA,NA,NA,8,100.0,1,Intron,PfCRT
18HAxx00x10018PfF0510_S17,PfCRT:A2193T,PfCRT,2193,34.77,A,T,,NA,NA,NA,NA,15,55.55555555555556,2,Intron,PfCRT
18HAxx00x10018PfF0510_S17,PfCRT:T3092A,PfCRT,3092,5.37779,T,A,,NA,NA,NA,NA,11,14.285714285714285,1,Intron,PfCRT
18HAxx00x9916PfF0510_S36,PfCRT:A268G,PfCRT,268,25.78,A,G,,NA,NA,NA,NA,31,30.76923076923077,1,Intron,PfCRT
18HAxx00x9916PfF0510_S36,PfCRT:T1083A,PfCRT,1083,17.4923,T,A,,NA,NA,NA,NA,6,100.0,1,Intron,PfCRT
18HAxx00x9916PfF0510_S36,PfCRT:A1117T,PfCRT,1117,225.0,A,T,,NA,NA,NA,NA,10,100.0,1,Intron,PfCRT
18HAxx00x9916PfF0510_S36,PfCRT:A2166T,PfCRT,2166,283.78,A,T,,NA,NA,NA,NA,9,100.0,2,Intron,PfCRT
18HAxx00x9916PfF0510_S36,PfCRT:A2193T,PfCRT,2193,170.77,A,T,,NA,NA,NA,NA,14,76.92307692307693,2,Intron,PfCRT
18HAxx00x9596PfF0510_S81,PfCRT:G211T,PfCRT,211,30.4183,G,T,,NA,NA,NA,NA,2,100.0,1,Intron,PfCRT
18HAxx00x9596PfF0510_S81,PfCRT:T2187A,PfCRT,2187,62.74,T,A,,NA,NA,NA,NA,2,100.0,2,Intron,PfCRT
18HAxx00x9596PfF0510_S81,PfCRT:A2193T,PfCRT,2193,62.74,A,T,,NA,NA,NA,NA,2,100.0,2,Intron,PfCRT
18HAxx00x9596PfF0510_S81,PfDHPS:A2258G,PfDHPS,2258,6.25768,A,G,,NA,NA,NA,NA,7,25.0,1,Intron,PfDHPS
18HAxx00x10118PfF0510_S18,PfCRT:A1117T,PfCRT,1117,268.77,A,T,,NA,NA,NA,NA,12,100.0,2,Intron,PfCRT
18HAxx00x10118PfF0510_S18,PfCRT:G1782A,PfCRT,1782,106.0,G,A,,NA,NA,NA,NA,42,26.31578947368421,1,Intron,PfCRT
18HAxx00x10118PfF0510_S18,PfCRT:A2166T,PfCRT,2166,292.77,A,T,,NA,NA,NA,NA,10,100.0,2,Intron,PfCRT
18HAxx00x10118PfF0510_S18,PfCRT:A2193T,PfCRT,2193,89.77,A,T,,NA,NA,NA,NA,7,71.42857142857143,2,Intron,PfCRT
18HAxx00x9540PfF0510_S1,PfCRT:G211T,PfCRT,211,987.77,G,T,,NA,NA,NA,NA,39,100.0,2,Intron,PfCRT
18HAxx00x9540PfF0510_S1,PfCRT:G1782A,PfCRT,1782,3.73376,G,A,,NA,NA,NA,NA,82,9.090909090909092,1,Intron,PfCRT
18HAxx00x9540PfF0510_S1,PfCRT:A2193T,PfCRT,2193,8.99921,A,T,,NA,NA,NA,NA,4,100.0,1,Intron,PfCRT
18HAxx00x9975PfF0510_S56,PfCRT:G211T,PfCRT,211,121.77,G,T,,NA,NA,NA,NA,16,50.0,2,Intron,PfCRT
18HAxx00x9975PfF0510_S56,PfCRT:T1083A,PfCRT,1083,21.77,T,A,,NA,NA,NA,NA,2,100.0,2,Intron,PfCRT
18HAxx00x9975PfF0510_S56,PfCRT:A2193T,PfCRT,2193,103.84,A,T,,NA,NA,NA,NA,6,100.0,2,Intron,PfCRT
18HAxx00x9799PfF0510_S40,PfCRT:A2193T,PfCRT,2193,94.9,A,T,,NA,NA,NA,NA,5,100.0,1,Intron,PfCRT
18HAxx00x9794PfF0510_S70,PfCRT:G765T,PfCRT,765,56.77,G,T,,NA,NA,NA,NA,17,17.647058823529413,1,Intron,PfCRT
18HAxx00x9794PfF0510_S70,PfCRT:T1083A,PfCRT,1083,21.77,T,A,,NA,NA,NA,NA,2,100.0,2,Intron,PfCRT
18HAxx00x9794PfF0510_S70,PfCRT:A1778G,PfCRT,1778,95.78,A,G,,NA,NA,NA,NA,8,75.0,1,Intron,PfCRT
18HAxx00x9978PfF0510_S59,PfCRT:G211T,PfCRT,211,367.77,G,T,,NA,NA,NA,NA,16,100.0,2,Intron,PfCRT
18HAxx00x9978PfF0510_S59,PfCRT:T349C,PfCRT,349,18.4307,T,C,,NA,NA,NA,NA,4,33.33333333333333,1,Intron,PfCRT
18HAxx00x9978PfF0510_S59,PfCRT:T1101A,PfCRT,1101,27.4222,T,A,,NA,NA,NA,NA,2,100.0,1,Intron,PfCRT
18HAxx00x9910PfF0510_S1,PfCRT:T1069A,PfCRT,1069,10.9,T,A,,NA,NA,NA,NA,1,100.0,1,Intron,PfCRT
18HAxx00x9910PfF0510_S1,PfCRT:A3089G,PfCRT,3089,10.8394,A,G,,NA,NA,NA,NA,10,20.0,1,Intron,PfCRT
18HAxx00x9556PfF0510_S28,PfCRT:G211T,PfCRT,211,547.77,G,T,,NA,NA,NA,NA,21,100.0,2,Intron,PfCRT
18HAxx00x9556PfF0510_S28,PfCRT:T1105A,PfCRT,1105,19.4636,T,A,,NA,NA,NA,NA,2,100.0,1,Intron,PfCRT
18HAxx00x9556PfF0510_S28,PfCRT:G1782A,PfCRT,1782,164.77,G,A,,NA,NA,NA,NA,33,21.21212121212121,2,Intron,PfCRT
18HAxx00x9556PfF0510_S28,PfCRT:G1786A,PfCRT,1786,164.77,G,A,,NA,NA,NA,NA,35,20.0,2,Intron,PfCRT
18HAxx00x9556PfF0510_S28,PfCRT:A2193T,PfCRT,2193,54.0,A,T,,NA,NA,NA,NA,6,100.0,1,Intron,PfCRT
18HAxx00x9788PfF0510_S85,PfDHPS:G148A,PfDHPS,148,14.3183,G,A,,NA,NA,NA,NA,8,25.0,1,Intron,PfDHPS
18HAxx00x9788PfF0510_S85,PfDHPS:A2258G,PfDHPS,2258,11.2768,A,G,,NA,NA,NA,NA,8,20.0,1,Intron,PfDHPS
18HAxx00x9785PfF0510_S46,PfCRT:A1778G,PfCRT,1778,14.5024,A,G,,NA,NA,NA,NA,33,68.75,1,Intron,PfCRT
18HAxx00x9785PfF0510_S46,PfCRT:A2193T,PfCRT,2193,100.9,A,T,,NA,NA,NA,NA,5,100.0,2,Intron,PfCRT
18HAxx00x9646PfF0510_S35,PfCRT:A1117T,PfCRT,1117,30.4183,A,T,,NA,NA,NA,NA,11,100.0,1,Intron,PfCRT
18HAxx00x9646PfF0510_S35,PfCRT:A2193T,PfCRT,2193,46.77,A,T,,NA,NA,NA,NA,15,40.0,2,Intron,PfCRT
18HAxx00x9654PfF0510_S22,PfCRT:T1079A,PfCRT,1079,6.38432,T,A,,NA,NA,NA,NA,8,25.0,1,Intron,PfCRT
18HAxx00x9654PfF0510_S22,PfCRT:T1083A,PfCRT,1083,18.2473,T,A,,NA,NA,NA,NA,8,50.0,1,Intron,PfCRT
18HAxx00x9654PfF0510_S22,PfCRT:A2193T,PfCRT,2193,25.4267,A,T,,NA,NA,NA,NA,7,100.0,1,Intron,PfCRT
18HAxx00x9844PfF0510_S49,PfCRT:A2193T,PfCRT,2193,76.77,A,T,,NA,NA,NA,NA,20,50.0,2,Intron,PfCRT
18HAxx00x9999PfF0510_S4,PfCRT:A2183T,PfCRT,2183,3.66742,A,T,,NA,NA,NA,NA,4,50.0,1,Intron,PfCRT
18HAxx00x10104PfF0510_S62,PfCRT:T1069A,PfCRT,1069,111.84,T,A,,NA,NA,NA,NA,7,100.0,1,Intron,PfCRT
18HAxx00x10104PfF0510_S62,PfCRT:A2193T,PfCRT,2193,106.84,A,T,,NA,NA,NA,NA,6,100.0,2,Intron,PfCRT
18HAxx00x9816PfF0510_S21,PfCRT:A1778G,PfCRT,1778,18.066,A,G,,NA,NA,NA,NA,119,75.0,1,Intron,PfCRT
18HAxx00x9816PfF0510_S21,PfCRT:A2193T,PfCRT,2193,87.77,A,T,,NA,NA,NA,NA,31,47.368421052631575,2,Intron,PfCRT
18HAxx00x10121PfF0510_S88,PfCRT:G211T,PfCRT,211,26.8267,G,T,,NA,NA,NA,NA,32,12.5,1,Intron,PfCRT
18HAxx00x10121PfF0510_S88,PfCRT:A1778G,PfCRT,1778,218.77,A,G,,NA,NA,NA,NA,10,100.0,2,Intron,PfCRT
18HAxx00x10121PfF0510_S88,PfCRT:A1942G,PfCRT,1942,17.9624,A,G,,NA,NA,NA,NA,6,33.33333333333333,1,Intron,PfCRT
18HAxx00x9569PfF0510_S9,PfCRT:C3105T,PfCRT,3105,19.4636,C,T,,NA,NA,NA,NA,2,100.0,1,Intron,PfCRT
18HAxx00x9569PfF0510_S9,PfDHPS:A171T,PfDHPS,171,8.94737,A,T,,NA,NA,NA,NA,10,33.33333333333333,1,Intron,PfDHPS
18HAxx00x9599PfF0510_S71,PfCRT:G211T,PfCRT,211,169.78,G,T,,NA,NA,NA,NA,8,100.0,2,Intron,PfCRT
18HAxx00x9599PfF0510_S71,PfCRT:T2187A,PfCRT,2187,62.74,T,A,,NA,NA,NA,NA,2,100.0,1,Intron,PfCRT
18HAxx00x9873PfF0510_S33,PfCRT:A2193T,PfCRT,2193,318.77,A,T,,NA,NA,NA,NA,14,100.0,2,Intron,PfCRT
18HAxx00x03D7PfF0510_S4,PfCRT:T3095C,PfCRT,3095,7.66682,T,C,,NA,NA,NA,NA,12,16.666666666666664,1,Intron,PfCRT
18HAxx00x9743PfF0510_S25,PfCRT:T1079A,PfCRT,1079,56.0,T,A,,NA,NA,NA,NA,11,100.0,1,Intron,PfCRT
18HAxx00x9743PfF0510_S25,PfCRT:T1083A,PfCRT,1083,90.0,T,A,,NA,NA,NA,NA,17,100.0,1,Intron,PfCRT
18HAxx00x9743PfF0510_S25,PfCRT:A1117T,PfCRT,1117,1351.77,A,T,,NA,NA,NA,NA,40,100.0,2,Intron,PfCRT
18HAxx00x9743PfF0510_S25,PfCRT:G1782A,PfCRT,1782,84.0,G,A,,NA,NA,NA,NA,163,11.940298507462686,1,Intron,PfCRT
18HAxx00x9743PfF0510_S25,PfCRT:A2166T,PfCRT,2166,915.77,A,T,,NA,NA,NA,NA,28,100.0,2,Intron,PfCRT
18HAxx00x9743PfF0510_S25,PfCRT:A2193T,PfCRT,2193,94.77,A,T,,NA,NA,NA,NA,35,39.285714285714285,2,Intron,PfCRT
18HAxx00x1Dd2PfF0510_S77,PfCRT:A2193T,PfCRT,2193,35.4156,A,T,,NA,NA,NA,NA,7,100.0,1,Intron,PfCRT
18HAxx00x1Dd2PfF0510_S77,PfCRT:G2207T,PfCRT,2207,3.33542,G,T,,NA,NA,NA,NA,12,12.5,1,Intron,PfCRT
18HAxx00x9955PfF0510_S3,PfCRT:G211T,PfCRT,211,1726.77,G,T,,NA,NA,NA,NA,69,100.0,2,Intron,PfCRT
18HAxx00x9955PfF0510_S3,PfCRT:A1067T,PfCRT,1067,8.13869,A,T,,NA,NA,NA,NA,4,100.0,1,Intron,PfCRT
18HAxx00x9955PfF0510_S3,PfCRT:T1069A,PfCRT,1069,8.13869,T,A,,NA,NA,NA,NA,4,100.0,1,Intron,PfCRT
18HAxx00x9955PfF0510_S3,PfCRT:A1075T,PfCRT,1075,8.13869,A,T,,NA,NA,NA,NA,5,100.0,1,Intron,PfCRT
18HAxx00x9955PfF0510_S3,PfCRT:T1105A,PfCRT,1105,19.4636,T,A,,NA,NA,NA,NA,2,100.0,1,Intron,PfCRT
18HAxx00x9955PfF0510_S3,PfCRT:A2193T,PfCRT,2193,73.77,A,T,,NA,NA,NA,NA,14,54.54545454545454,2,Intron,PfCRT
18HAxx00x9610PfF0510_S66,PfCRT:G1782A,PfCRT,1782,40.77,G,A,,NA,NA,NA,NA,22,13.636363636363635,1,Intron,PfCRT
18HAxx00x9610PfF0510_S66,PfCRT:A2193T,PfCRT,2193,100.77,A,T,,NA,NA,NA,NA,9,77.77777777777779,2,Intron,PfCRT
18HAxx00x10158PfF0510_S93,PfCRT:G211T,PfCRT,211,168.78,G,T,,NA,NA,NA,NA,8,100.0,2,Intron,PfCRT
18HAxx00x10158PfF0510_S93,PfCRT:T1899C,PfCRT,1899,11.0638,T,C,,NA,NA,NA,NA,9,20.0,1,Intron,PfCRT
18HAxx00x10158PfF0510_S93,PfCRT:C3105T,PfCRT,3105,21.77,C,T,,NA,NA,NA,NA,2,100.0,2,Intron,PfCRT
18HAxx00x9579PfF0510_S57,PfCRT:G211T,PfCRT,211,654.77,G,T,,NA,NA,NA,NA,26,100.0,2,Intron,PfCRT
18HAxx00x9579PfF0510_S57,PfCRT:A722G,PfCRT,722,200.84,A,G,,NA,NA,NA,NA,7,100.0,1,Intron,PfCRT
18HAxx00x9579PfF0510_S57,PfCRT:A726G,PfCRT,726,152.03,A,G,,NA,NA,NA,NA,5,100.0,1,Intron,PfCRT
18HAxx00x9579PfF0510_S57,PfCRT:T2187A,PfCRT,2187,193.9,T,A,,NA,NA,NA,NA,5,100.0,1,Intron,PfCRT
18HAxx00x9903PfF0510_S76,PfCRT:T1069A,PfCRT,1069,21.4455,T,A,,NA,NA,NA,NA,3,100.0,1,Intron,PfCRT
18HAxx00x9903PfF0510_S76,PfCRT:A1778G,PfCRT,1778,6.7666,A,G,,NA,NA,NA,NA,16,83.33333333333334,1,Intron,PfCRT
18HAxx00x9706PfF0510_S26,PfCRT:T1079A,PfCRT,1079,68.0,T,A,,NA,NA,NA,NA,10,100.0,1,Intron,PfCRT
18HAxx00x9706PfF0510_S26,PfCRT:T1083A,PfCRT,1083,178.0,T,A,,NA,NA,NA,NA,22,100.0,1,Intron,PfCRT
18HAxx00x9706PfF0510_S26,PfCRT:A1117T,PfCRT,1117,1294.77,A,T,,NA,NA,NA,NA,33,100.0,2,Intron,PfCRT
18HAxx00x9706PfF0510_S26,PfCRT:A2166T,PfCRT,2166,1131.77,A,T,,NA,NA,NA,NA,31,100.0,2,Intron,PfCRT
18HAxx00x9706PfF0510_S26,PfCRT:A2193T,PfCRT,2193,89.77,A,T,,NA,NA,NA,NA,40,38.46153846153847,2,Intron,PfCRT
18HAxx00x9805PfF0510_S50,PfCRT:A2193T,PfCRT,2193,17.84,A,T,,NA,NA,NA,NA,43,24.0,2,Intron,PfCRT
18HAxx00x9930PfF0510_S29,PfCRT:G211T,PfCRT,211,1588.77,G,T,,NA,NA,NA,NA,63,100.0,2,Intron,PfCRT
18HAxx00x9930PfF0510_S29,PfCRT:T2187A,PfCRT,2187,586.03,T,A,,NA,NA,NA,NA,36,81.25,2,Intron,PfCRT
18HAxx00x9930PfF0510_S29,PfCRT:A2193T,PfCRT,2193,309.77,A,T,,NA,NA,NA,NA,42,57.57575757575758,2,Intron,PfCRT
18HAxx00x1HB3PfF0510_S16,PfCRT:G211T,PfCRT,211,317.77,G,T,,NA,NA,NA,NA,14,100.0,2,Intron,PfCRT
18HAxx00x1HB3PfF0510_S16,PfCRT:A728G,PfCRT,728,161.77,A,G,,NA,NA,NA,NA,30,66.66666666666666,1,Intron,PfCRT
18HAxx00x1HB3PfF0510_S16,PfCRT:A732G,PfCRT,732,90.77,A,G,,NA,NA,NA,NA,25,42.857142857142854,1,Intron,PfCRT
18HAxx00x1HB3PfF0510_S16,PfCRT:T1083A,PfCRT,1083,20.4535,T,A,,NA,NA,NA,NA,2,100.0,1,Intron,PfCRT
18HAxx00x1HB3PfF0510_S16,PfCRT:T1322A,PfCRT,1322,23.2492,T,A,,NA,NA,NA,NA,37,75.0,1,Intron,PfCRT
18HAxx00x1HB3PfF0510_S16,PfCRT:G1601A,PfCRT,1601,546.77,G,A,,NA,NA,NA,NA,24,95.83333333333334,2,Intron,PfCRT
18HAxx00x1HB3PfF0510_S16,PfCRT:A1778G,PfCRT,1778,13.5895,A,G,,NA,NA,NA,NA,38,90.9090909090909,1,Intron,PfCRT
18HAxx00x1HB3PfF0510_S16,PfCRT:A2193T,PfCRT,2193,203.77,A,T,,NA,NA,NA,NA,10,100.0,2,Intron,PfCRT
18HAxx00x1HB3PfF0510_S16,PfCRT:C3105T,PfCRT,3105,119.84,C,T,,NA,NA,NA,NA,6,100.0,2,Intron,PfCRT
18HAxx00x9696PfF0510_S5,PfCRT:G211T,PfCRT,211,1896.77,G,T,,NA,NA,NA,NA,74,100.0,2,Intron,PfCRT
18HAxx00x9696PfF0510_S5,PfCRT:A1117T,PfCRT,1117,225.0,A,T,,NA,NA,NA,NA,23,100.0,1,Intron,PfCRT
18HAxx00x9696PfF0510_S5,PfCRT:A2193T,PfCRT,2193,75.77,A,T,,NA,NA,NA,NA,35,43.47826086956522,2,Intron,PfCRT
18HAxx00x9696PfF0510_S5,PfCRT:C3105T,PfCRT,3105,542.77,C,T,,NA,NA,NA,NA,21,100.0,2,Intron,PfCRT
18HAxx00x9934PfF0510_S14,PfCRT:T1083A,PfCRT,1083,46.4146,T,A,,NA,NA,NA,NA,17,100.0,1,Intron,PfCRT
18HAxx00x9934PfF0510_S14,PfCRT:A2193T,PfCRT,2193,20.8,A,T,,NA,NA,NA,NA,32,24.0,2,Intron,PfCRT
18HAxx00x9973PfF0510_S69,PfCRT:G211T,PfCRT,211,5483.77,G,T,,NA,NA,NA,NA,210,100.0,2,Intron,PfCRT
18HAxx00x9973PfF0510_S69,PfCRT:C677T,PfCRT,677,6062.77,C,T,,NA,NA,NA,NA,233,100.0,2,Intron,PfCRT
18HAxx00x9973PfF0510_S69,PfCRT:T1079A,PfCRT,1079,16.5123,T,A,,NA,NA,NA,NA,12,100.0,1,Intron,PfCRT
18HAxx00x9973PfF0510_S69,PfCRT:T1083A,PfCRT,1083,93.0,T,A,,NA,NA,NA,NA,20,100.0,1,Intron,PfCRT
18HAxx00x9973PfF0510_S69,PfCRT:T1101A,PfCRT,1101,1462.77,T,A,,NA,NA,NA,NA,42,100.0,2,Intron,PfCRT
18HAxx00x9973PfF0510_S69,PfCRT:A1117T,PfCRT,1117,2225.77,A,T,,NA,NA,NA,NA,57,100.0,2,Intron,PfCRT
18HAxx00x9973PfF0510_S69,PfCRT:T2187A,PfCRT,2187,1254.03,T,A,,NA,NA,NA,NA,52,83.33333333333334,2,Intron,PfCRT
18HAxx00x9973PfF0510_S69,PfCRT:A2193T,PfCRT,2193,185.77,A,T,,NA,NA,NA,NA,52,29.166666666666668,2,Intron,PfCRT
18HAxx00x9973PfF0510_S69,PfCRT:G2402T,PfCRT,2402,6050.77,G,T,,NA,NA,NA,NA,239,100.0,2,Intron,PfCRT
18HAxx00x9973PfF0510_S69,PfCRT:G2543A,PfCRT,2543,7100.77,G,A,,NA,NA,NA,NA,155,100.0,2,Intron,PfCRT
18HAxx00x9973PfF0510_S69,PfCRT:A2547T,PfCRT,2547,7409.77,A,T,,NA,NA,NA,NA,160,100.0,2,Intron,PfCRT
18HAxx00x9973PfF0510_S69,PfCRT:G2554C,PfCRT,2554,8206.77,G,C,,NA,NA,NA,NA,165,100.0,2,Intron,PfCRT
18HAxx00x9973PfF0510_S69,PfCRT:G2563C,PfCRT,2563,7260.77,G,C,,NA,NA,NA,NA,150,100.0,2,Intron,PfCRT
18HAxx00x9973PfF0510_S69,PfCRT:A2676G,PfCRT,2676,8065.77,A,G,,NA,NA,NA,NA,171,100.0,1,Intron,PfCRT
18HAxx00x9633PfF0510_S92,PfCRT:A1778G,PfCRT,1778,21.77,A,G,,NA,NA,NA,NA,2,100.0,1,Intron,PfCRT
18HAxx00x9791PfF0510_S32,PfCRT:A2193T,PfCRT,2193,49.4146,A,T,,NA,NA,NA,NA,11,100.0,1,Intron,PfCRT
18HAxx00x10040PfF0510_S91,PfCRT:A1778G,PfCRT,1778,119.84,A,G,,NA,NA,NA,NA,6,100.0,2,Intron,PfCRT
18HAxx00x9994PfF0510_S65,PfCRT:C677T,PfCRT,677,12.4892,C,T,,NA,NA,NA,NA,96,8.16326530612245,1,Intron,PfCRT
18HAxx00x9994PfF0510_S65,PfCRT:T1069A,PfCRT,1069,13.72,T,A,,NA,NA,NA,NA,7,100.0,1,Intron,PfCRT
18HAxx00x9994PfF0510_S65,PfCRT:T1079A,PfCRT,1079,37.4152,T,A,,NA,NA,NA,NA,9,100.0,1,Intron,PfCRT
18HAxx00x9994PfF0510_S65,PfCRT:T1083A,PfCRT,1083,41.4148,T,A,,NA,NA,NA,NA,9,100.0,1,Intron,PfCRT
18HAxx00x9994PfF0510_S65,PfCRT:A1117T,PfCRT,1117,262.77,A,T,,NA,NA,NA,NA,11,100.0,2,Intron,PfCRT
18HAxx00x9994PfF0510_S65,PfCRT:A1778G,PfCRT,1778,8.59574,A,G,,NA,NA,NA,NA,95,56.666666666666664,1,Intron,PfCRT
18HAxx00x9994PfF0510_S65,PfCRT:A2166T,PfCRT,2166,451.89,A,T,,NA,NA,NA,NA,14,92.85714285714286,2,Intron,PfCRT
18HAxx00x9994PfF0510_S65,PfCRT:A2193T,PfCRT,2193,175.77,A,T,,NA,NA,NA,NA,22,78.57142857142857,2,Intron,PfCRT
18HAxx00x9994PfF0510_S65,PfCRT:A2676G,PfCRT,2676,73.77,A,G,,NA,NA,NA,NA,70,8.571428571428571,1,Intron,PfCRT
18HAxx00x9754PfF0510_S74,PfCRT:A732G,PfCRT,732,25.78,A,G,,NA,NA,NA,NA,10,50.0,1,Intron,PfCRT
18HAxx00x9754PfF0510_S74,PfCRT:A736G,PfCRT,736,25.78,A,G,,NA,NA,NA,NA,8,50.0,1,Intron,PfCRT
18HAxx00x9754PfF0510_S74,PfCRT:T1588A,PfCRT,1588,5.53412,T,A,,NA,NA,NA,NA,10,14.285714285714285,1,Intron,PfCRT
18HAxx00x9637PfF0510_S41,PfCRT:G211T,PfCRT,211,2437.77,G,T,,NA,NA,NA,NA,99,100.0,2,Intron,PfCRT
18HAxx00x9637PfF0510_S41,PfCRT:T1101A,PfCRT,1101,14.1341,T,A,,NA,NA,NA,NA,13,50.0,1,Intron,PfCRT
18HAxx00x9637PfF0510_S41,PfCRT:G1782A,PfCRT,1782,6.19483,G,A,,NA,NA,NA,NA,135,7.59493670886076,1,Intron,PfCRT
18HAxx00x9637PfF0510_S41,PfCRT:A2193T,PfCRT,2193,44.4146,A,T,,NA,NA,NA,NA,9,100.0,1,Intron,PfCRT
18HAxx00x9867PfF0510_S11,PfCRT:T1069A,PfCRT,1069,364.77,T,A,,NA,NA,NA,NA,19,100.0,1,Intron,PfCRT
18HAxx00x9867PfF0510_S11,PfCRT:T1079A,PfCRT,1079,68.0,T,A,,NA,NA,NA,NA,13,100.0,1,Intron,PfCRT
18HAxx00x9867PfF0510_S11,PfCRT:T1083A,PfCRT,1083,152.0,T,A,,NA,NA,NA,NA,20,100.0,1,Intron,PfCRT
18HAxx00x9867PfF0510_S11,PfCRT:A2193T,PfCRT,2193,126.77,A,T,,NA,NA,NA,NA,39,37.93103448275862,2,Intron,PfCRT
18HAxx00x9750PfF0510_S13,PfCRT:T1069A,PfCRT,1069,101.03,T,A,,NA,NA,NA,NA,11,100.0,1,Intron,PfCRT
18HAxx00x9750PfF0510_S13,PfCRT:T1079A,PfCRT,1079,11.3936,T,A,,NA,NA,NA,NA,11,50.0,1,Intron,PfCRT
18HAxx00x9750PfF0510_S13,PfCRT:T1083A,PfCRT,1083,120.0,T,A,,NA,NA,NA,NA,18,100.0,1,Intron,PfCRT
18HAxx00x9750PfF0510_S13,PfCRT:A2193T,PfCRT,2193,305.77,A,T,,NA,NA,NA,NA,38,70.37037037037037,2,Intron,PfCRT
18HAxx00x9769PfF0510_S67,PfCRT:T1079A,PfCRT,1079,18.4764,T,A,,NA,NA,NA,NA,12,100.0,1,Intron,PfCRT
18HAxx00x9769PfF0510_S67,PfCRT:T1083A,PfCRT,1083,78.0,T,A,,NA,NA,NA,NA,17,100.0,1,Intron,PfCRT
18HAxx00x9769PfF0510_S67,PfCRT:A2193T,PfCRT,2193,111.77,A,T,,NA,NA,NA,NA,34,47.82608695652174,2,Intron,PfCRT
18HAxx00x9819PfF0510_S75,PfCRT:G637T,PfCRT,637,45.77,G,T,,NA,NA,NA,NA,67,11.940298507462686,2,Intron,PfCRT
18HAxx00x9819PfF0510_S75,PfCRT:A1778G,PfCRT,1778,6.73934,A,G,,NA,NA,NA,NA,30,54.54545454545454,1,Intron,PfCRT
18HAxx00x10022PfF0510_S23,PfCRT:T1079A,PfCRT,1079,17.4923,T,A,,NA,NA,NA,NA,4,100.0,1,Intron,PfCRT
18HAxx00x10022PfF0510_S23,PfCRT:T1083A,PfCRT,1083,118.0,T,A,,NA,NA,NA,NA,10,100.0,1,Intron,PfCRT
18HAxx00x10022PfF0510_S23,PfCRT:A1117T,PfCRT,1117,205.0,A,T,,NA,NA,NA,NA,12,100.0,1,Intron,PfCRT
18HAxx00x10022PfF0510_S23,PfCRT:A2166T,PfCRT,2166,148.9,A,T,,NA,NA,NA,NA,5,100.0,2,Intron,PfCRT
18HAxx00x10022PfF0510_S23,PfCRT:A2193T,PfCRT,2193,139.81,A,T,,NA,NA,NA,NA,7,100.0,2,Intron,PfCRT
18HAxx00x10044PfF0510_S19,PfCRT:G211T,PfCRT,211,1733.77,G,T,,NA,NA,NA,NA,69,100.0,2,Intron,PfCRT
18HAxx00x10044PfF0510_S19,PfCRT:A722G,PfCRT,722,7.08795,A,G,,NA,NA,NA,NA,35,85.71428571428571,1,Intron,PfCRT
18HAxx00x10044PfF0510_S19,PfCRT:T1101A,PfCRT,1101,67.0,T,A,,NA,NA,NA,NA,14,100.0,1,Intron,PfCRT
18HAxx00x10044PfF0510_S19,PfCRT:G1782A,PfCRT,1782,4.19358,G,A,,NA,NA,NA,NA,147,10.227272727272728,1,Intron,PfCRT
18HAxx00x10044PfF0510_S19,PfCRT:T2187A,PfCRT,2187,1251.77,T,A,,NA,NA,NA,NA,50,91.48936170212765,2,Intron,PfCRT
18HAxx00x10044PfF0510_S19,PfCRT:A2193T,PfCRT,2193,370.77,A,T,,NA,NA,NA,NA,53,46.808510638297875,2,Intron,PfCRT
18HAxx00x9869PfF0510_S38,PfCRT:T1083A,PfCRT,1083,17.4923,T,A,,NA,NA,NA,NA,5,100.0,1,Intron,PfCRT
18HAxx00x9808PfF0510_S42,PfCRT:A2193T,PfCRT,2193,74.77,A,T,,NA,NA,NA,NA,36,34.78260869565217,2,Intron,PfCRT
18HAxx00x10079PfF0510_S34,PfCRT:T1079A,PfCRT,1079,40.7147,T,A,,NA,NA,NA,NA,14,50.0,1,Intron,PfCRT
18HAxx00x10079PfF0510_S34,PfCRT:T1083A,PfCRT,1083,40.5638,T,A,,NA,NA,NA,NA,14,50.0,1,Intron,PfCRT
18HAxx00x10079PfF0510_S34,PfCRT:A1117T,PfCRT,1117,903.77,A,T,,NA,NA,NA,NA,26,100.0,2,Intron,PfCRT
18HAxx00x10079PfF0510_S34,PfCRT:A2166T,PfCRT,2166,809.77,A,T,,NA,NA,NA,NA,22,100.0,2,Intron,PfCRT
18HAxx00x10079PfF0510_S34,PfCRT:A2193T,PfCRT,2193,170.77,A,T,,NA,NA,NA,NA,28,56.52173913043478,2,Intron,PfCRT
18HAxx00x9667PfF0510_S47,PfCRT:A732G,PfCRT,732,46.77,A,G,,NA,NA,NA,NA,5,60.0,1,Intron,PfCRT
18HAxx00x9667PfF0510_S47,PfCRT:A736G,PfCRT,736,46.77,A,G,,NA,NA,NA,NA,7,60.0,1,Intron,PfCRT
18HAxx00x9672PfF0510_S80,PfCRT:G211T,PfCRT,211,21.77,G,T,,NA,NA,NA,NA,2,100.0,1,Intron,PfCRT
18HAxx00x9984PfF0510_S43,PfCRT:T1069A,PfCRT,1069,226.77,T,A,,NA,NA,NA,NA,13,100.0,1,Intron,PfCRT
18HAxx00x9984PfF0510_S43,PfCRT:T1079A,PfCRT,1079,87.0,T,A,,NA,NA,NA,NA,10,100.0,1,Intron,PfCRT
18HAxx00x9984PfF0510_S43,PfCRT:T1083A,PfCRT,1083,116.0,T,A,,NA,NA,NA,NA,12,100.0,1,Intron,PfCRT
18HAxx00x9984PfF0510_S43,PfCRT:A1117T,PfCRT,1117,225.0,A,T,,NA,NA,NA,NA,27,100.0,1,Intron,PfCRT
18HAxx00x9984PfF0510_S43,PfCRT:G1782A,PfCRT,1782,200.0,G,A,,NA,NA,NA,NA,153,19.35483870967742,1,Intron,PfCRT
18HAxx00x9984PfF0510_S43,PfCRT:A2193T,PfCRT,2193,328.77,A,T,,NA,NA,NA,NA,26,78.26086956521739,2,Intron,PfCRT
18HAxx00x9924PfF0510_S58,PfCRT:T1079A,PfCRT,1079,17.4923,T,A,,NA,NA,NA,NA,6,100.0,1,Intron,PfCRT
18HAxx00x9924PfF0510_S58,PfCRT:T1083A,PfCRT,1083,117.0,T,A,,NA,NA,NA,NA,13,100.0,1,Intron,PfCRT
18HAxx00x9924PfF0510_S58,PfCRT:A1778G,PfCRT,1778,24.393,A,G,,NA,NA,NA,NA,155,68.75,1,Intron,PfCRT
18HAxx00x9924PfF0510_S58,PfCRT:A2193T,PfCRT,2193,103.77,A,T,,NA,NA,NA,NA,31,45.83333333333333,2,Intron,PfCRT
18HAxx00x9924PfF0510_S58,PfDHPS:A2190G,PfDHPS,2190,11.7027,A,G,,NA,NA,NA,NA,7,20.0,1,Intron,PfDHPS
18HAxx00xneg1PfF0510_S9,PfCRT:T1083A,PfCRT,1083,21.77,T,A,,NA,NA,NA,NA,2,100.0,2,Intron,PfCRT
18HAxx00xneg1PfF0510_S9,PfCRT:A1778G,PfCRT,1778,20.0179,A,G,,NA,NA,NA,NA,25,87.5,1,Intron,PfCRT
18HAxx00xneg1PfF0510_S9,PfCRT:T2176A,PfCRT,2176,17.9624,T,A,,NA,NA,NA,NA,6,33.33333333333333,1,Intron,PfCRT
18HAxx00xneg1PfF0510_S9,PfCRT:A2193T,PfCRT,2193,63.77,A,T,,NA,NA,NA,NA,9,55.55555555555556,2,Intron,PfCRT
