Sample,Variant,Chrom,Gene,Ref,Alt,Pos,Qual,RefCodon,RefAA,AltCodon,AltAA,AAPos,Exon,AF,DP,Conf
18HAxx00x10000PfF0510_S37,PfCRT:G32G,PfCRT,PfCRT,C,A,368.0,562.81,GGC,G,GGA,G,32,exon2,91.30434782608695,23,2
18HAxx00x10000PfF0510_S37,PfDHPS:A437A,PfDHPS,PfDHPS,G,T,1487.0,12862.77,GCG,A,GCT,A,437,exon2,99.59514170040485,512,2
18HAxx00x10000PfF0510_S37,PfMDR1:I792I,PfMDR1,PfMDR1,T,C,2376.0,818.77,ATT,I,ATC,I,792,exon1,100.0,32,2
18HAxx00x10007PfF0510_S15,PfDHPS:K142K,PfDHPS,PfDHPS,G,A,602.0,461.77,AAG,K,AAA,K,142,exon2,100.0,19,2
18HAxx00x10007PfF0510_S15,PfDHPS:A437A,PfDHPS,PfDHPS,G,T,1487.0,2922.77,GCG,A,GCT,A,437,exon2,100.0,118,2
18HAxx00x10007PfF0510_S15,PfMDR1:I792I,PfMDR1,PfMDR1,T,C,2376.0,1833.77,ATT,I,ATC,I,792,exon1,100.0,74,2
18HAxx00x10018PfF0510_S17,PfDHPS:K142K,PfDHPS,PfDHPS,G,A,602.0,6221.77,AAG,K,AAA,K,142,exon2,100.0,245,2
18HAxx00x10018PfF0510_S17,PfDHPS:A437A,PfDHPS,PfDHPS,G,T,1487.0,26847.77,GCG,A,GCT,A,437,exon2,100.0,1056,2
18HAxx00x10018PfF0510_S17,PfDHPS:I594I,PfDHPS,PfDHPS,A,C,1958.0,16480.77,ATA,I,ATC,I,594,exon2,100.0,661,2
18HAxx00x10018PfF0510_S17,PfMDR1:F984F,PfMDR1,PfMDR1,T,C,2952.0,5858.77,TTT,F,TTC,F,984,exon1,100.0,234,2
18HAxx00x10022PfF0510_S23,PfCRT:G32G,PfCRT,PfCRT,C,A,368.0,249.78,GGC,G,GGA,G,32,exon2,100.0,9,2
18HAxx00x10022PfF0510_S23,PfDHPS:K142K,PfDHPS,PfDHPS,G,A,602.0,21.77,AAG,K,AAA,K,142,exon2,100.0,2,2
18HAxx00x10022PfF0510_S23,PfDHPS:A437A,PfDHPS,PfDHPS,G,T,1487.0,119.84,GCG,A,GCT,A,437,exon2,100.0,6,2
18HAxx00x10026PfF0510_S7,PfDHPS:K142K,PfDHPS,PfDHPS,G,A,602.0,1147.77,AAG,K,AAA,K,142,exon2,100.0,47,2
18HAxx00x10026PfF0510_S7,PfDHPS:A437A,PfDHPS,PfDHPS,G,T,1487.0,7570.77,GCG,A,GCT,A,437,exon2,100.0,298,2
18HAxx00x10040PfF0510_S91,PfDHPS:A437A,PfDHPS,PfDHPS,G,T,1487.0,119.84,GCG,A,GCT,A,437,exon2,100.0,6,2
18HAxx00x10044PfF0510_S19,PfDHPS:A437A,PfDHPS,PfDHPS,G,T,1487.0,922.77,GCG,A,GCT,A,437,exon2,100.0,34,2
18HAxx00x10076PfF0510_S8,PfDHPS:K142K,PfDHPS,PfDHPS,G,A,602.0,2648.77,AAG,K,AAA,K,142,exon2,100.0,106,2
18HAxx00x10076PfF0510_S8,PfDHPS:A437A,PfDHPS,PfDHPS,G,T,1487.0,15009.77,GCG,A,GCT,A,437,exon2,100.0,592,2
18HAxx00x10079PfF0510_S34,PfCRT:G32G,PfCRT,PfCRT,C,A,368.0,1744.77,GGC,G,GGA,G,32,exon2,100.0,67,2
18HAxx00x10079PfF0510_S34,PfDHPS:A437A,PfDHPS,PfDHPS,G,T,1487.0,1027.77,GCG,A,GCT,A,437,exon2,100.0,42,2
18HAxx00x10100PfF0510_S90,PfDHPS:A437A,PfDHPS,PfDHPS,G,T,1487.0,107.9,GCG,A,GCT,A,437,exon2,100.0,5,2
18HAxx00x10100PfF0510_S90,PfMDR1:F984F,PfMDR1,PfMDR1,T,C,2952.0,14820.77,TTT,F,TTC,F,984,exon1,100.0,573,2
18HAxx00x10102PfF0510_S63,PfDHPS:L226F,PfDHPS,PfDHPS,G,C,854.0,21.77,TTG,L,TTC,F,226,exon2,100.0,2,2
18HAxx00x10102PfF0510_S63,PfDHPS:A437A,PfDHPS,PfDHPS,G,T,1487.0,119.84,GCG,A,GCT,A,437,exon2,100.0,7,2
18HAxx00x10102PfF0510_S63,PfMDR1:F984F,PfMDR1,PfMDR1,T,C,2952.0,119.84,TTT,F,TTC,F,984,exon1,100.0,8,2
18HAxx00x10104PfF0510_S62,PfMDR1:F984F,PfMDR1,PfMDR1,T,C,2952.0,1329.77,TTT,F,TTC,F,984,exon1,100.0,55,2
18HAxx00x10118PfF0510_S18,PfCRT:G32G,PfCRT,PfCRT,C,A,368.0,294.77,GGC,G,GGA,G,32,exon2,100.0,11,2
18HAxx00x10118PfF0510_S18,PfDHPS:K142K,PfDHPS,PfDHPS,G,A,602.0,999.77,AAG,K,AAA,K,142,exon2,100.0,43,2
18HAxx00x10118PfF0510_S18,PfDHPS:A437A,PfDHPS,PfDHPS,G,T,1487.0,5966.77,GCG,A,GCT,A,437,exon2,100.0,242,2
18HAxx00x10121PfF0510_S88,PfDHPS:A437A,PfDHPS,PfDHPS,G,T,1487.0,508.77,GCG,A,GCT,A,437,exon2,100.0,21,2
18HAxx00x10121PfF0510_S88,PfMDR1:F984F,PfMDR1,PfMDR1,T,C,2952.0,21.77,TTT,F,TTC,F,984,exon1,100.0,2,2
18HAxx00x10122PfF0510_S95,PfDHPS:A437A,PfDHPS,PfDHPS,G,T,1487.0,119.84,GCG,A,GCT,A,437,exon2,100.0,6,2
18HAxx00x10122PfF0510_S95,PfDHPS:D704E,PfDHPS,PfDHPS,C,A,2408.0,21.77,GAC,D,GAA,E,704,exon3,100.0,2,2
18HAxx00x10122PfF0510_S95,PfMDR1:G1074S,PfMDR1,PfMDR1,G,A,3220.0,358.77,GGT,G,AGT,S,1074,exon1,100.0,18,2
18HAxx00x10158PfF0510_S93,PfMDR1:G1074S,PfMDR1,PfMDR1,G,A,3220.0,5365.77,GGT,G,AGT,S,1074,exon1,100.0,215,2
18HAxx00x10163PfF0510_S45,PfDHPS:A437A,PfDHPS,PfDHPS,G,T,1487.0,1737.77,GCG,A,GCT,A,437,exon2,100.0,66,2
18HAxx00x10163PfF0510_S45,PfMDR1:G1074S,PfMDR1,PfMDR1,G,A,3220.0,2197.77,GGT,G,AGT,S,1074,exon1,100.0,96,2
18HAxx00x17G8PfF0510_S30,PfCRT:N326D,PfCRT,PfCRT,A,G,2235.0,1365.77,AAC,N,GAC,D,326,exon9,100.0,50,2
18HAxx00x17G8PfF0510_S30,PfCRT:I356L,PfCRT,PfCRT,A,T,2473.0,3724.77,ATA,I,TTA,L,356,exon10,100.0,142,2
18HAxx00x1Dd2PfF0510_S77,PfDHPS:A437A,PfDHPS,PfDHPS,G,T,1487.0,10866.77,GCG,A,GCT,A,437,exon2,100.0,249,2
18HAxx00x1HB3PfF0510_S16,PfDHPS:A437A,PfDHPS,PfDHPS,G,T,1487.0,8662.77,GCG,A,GCT,A,437,exon2,100.0,343,2
18HAxx00x9540PfF0510_S1,PfCRT:I155I,PfCRT,PfCRT,C,T,916.0,4836.77,ATC,I,ATT,I,155,exon3,98.44559585492227,197,2
18HAxx00x9540PfF0510_S1,PfDHPS:A437A,PfDHPS,PfDHPS,G,T,1487.0,12119.77,GCG,A,GCT,A,437,exon2,100.0,470,2
18HAxx00x9540PfF0510_S1,PfMDR1:I792I,PfMDR1,PfMDR1,T,C,2376.0,3275.77,ATT,I,ATC,I,792,exon1,100.0,134,2
18HAxx00x9545PfF0510_S51,PfDHPS:A437A,PfDHPS,PfDHPS,G,T,1487.0,3937.77,GCG,A,GCT,A,437,exon2,100.0,151,2
18HAxx00x9546PfF0510_S31,PfDHPS:A437A,PfDHPS,PfDHPS,G,T,1487.0,256.77,GCG,A,GCT,A,437,exon2,100.0,12,2
18HAxx00x9556PfF0510_S28,PfDHPS:Y353Y,PfDHPS,PfDHPS,T,C,1235.0,21.77,TAT,Y,TAC,Y,353,exon2,100.0,3,2
18HAxx00x9556PfF0510_S28,PfMDR1:P203S,PfMDR1,PfMDR1,C,T,607.0,21.77,CCG,P,TCG,S,203,exon1,100.0,2,2
18HAxx00x9560PfF0510_S96,PfMDR1:F984F,PfMDR1,PfMDR1,T,C,2952.0,7373.77,TTT,F,TTC,F,984,exon1,100.0,296,2
18HAxx00x9572PfF0510_S27,PfDHPS:K142K,PfDHPS,PfDHPS,G,A,602.0,2935.77,AAG,K,AAA,K,142,exon2,100.0,114,2
18HAxx00x9572PfF0510_S27,PfDHPS:A437A,PfDHPS,PfDHPS,G,T,1487.0,6362.77,GCG,A,GCT,A,437,exon2,100.0,256,2
18HAxx00x9572PfF0510_S27,PfMDR1:F984F,PfMDR1,PfMDR1,T,C,2952.0,2845.77,TTT,F,TTC,F,984,exon1,100.0,108,2
18HAxx00x9575PfF0510_S68,PfDHPS:A437A,PfDHPS,PfDHPS,G,T,1487.0,3979.77,GCG,A,GCT,A,437,exon2,100.0,167,2
18HAxx00x9575PfF0510_S68,PfMDR1:I792I,PfMDR1,PfMDR1,T,C,2376.0,762.77,ATT,I,ATC,I,792,exon1,100.0,33,2
18HAxx00x9579PfF0510_S57,PfDHPS:A437A,PfDHPS,PfDHPS,G,T,1487.0,7591.77,GCG,A,GCT,A,437,exon2,100.0,308,2
18HAxx00x9593PfF0510_S2,PfCRT:G32G,PfCRT,PfCRT,C,A,368.0,1530.77,GGC,G,GGA,G,32,exon2,100.0,58,2
18HAxx00x9593PfF0510_S2,PfDHPS:A437A,PfDHPS,PfDHPS,G,T,1487.0,17728.77,GCG,A,GCT,A,437,exon2,100.0,708,2
18HAxx00x9593PfF0510_S2,PfMDR1:I792I,PfMDR1,PfMDR1,T,C,2376.0,2487.77,ATT,I,ATC,I,792,exon1,100.0,96,2
18HAxx00x9596PfF0510_S81,PfDHPS:A437A,PfDHPS,PfDHPS,G,T,1487.0,459.77,GCG,A,GCT,A,437,exon2,100.0,19,2
18HAxx00x9596PfF0510_S81,PfMDR1:I792I,PfMDR1,PfMDR1,T,C,2376.0,21.77,ATT,I,ATC,I,792,exon1,100.0,2,2
18HAxx00x9599PfF0510_S71,PfDHPS:A437A,PfDHPS,PfDHPS,G,T,1487.0,847.77,GCG,A,GCT,A,437,exon2,100.0,36,2
18HAxx00x9610PfF0510_S66,PfDHPS:A437A,PfDHPS,PfDHPS,G,T,1487.0,71.03,GCG,A,GCT,A,437,exon2,100.0,4,2
18HAxx00x9610PfF0510_S66,PfMDR1:F984F,PfMDR1,PfMDR1,T,C,2952.0,789.77,TTT,F,TTC,F,984,exon1,100.0,31,2
18HAxx00x9621PfF0510_S86,PfMDR1:F984F,PfMDR1,PfMDR1,T,C,2952.0,21.77,TTT,F,TTC,F,984,exon1,100.0,2,2
18HAxx00x9625PfF0510_S48,PfDHPS:A437A,PfDHPS,PfDHPS,G,T,1487.0,11735.77,GCG,A,GCT,A,437,exon2,100.0,466,2
18HAxx00x9633PfF0510_S92,PfDHPS:K142K,PfDHPS,PfDHPS,G,A,602.0,262.77,AAG,K,AAA,K,142,exon2,100.0,12,2
18HAxx00x9633PfF0510_S92,PfDHPS:A437A,PfDHPS,PfDHPS,G,T,1487.0,706.77,GCG,A,GCT,A,437,exon2,100.0,32,2
18HAxx00x9637PfF0510_S41,PfCRT:I155I,PfCRT,PfCRT,C,T,916.0,5823.77,ATC,I,ATT,I,155,exon3,100.0,236,2
18HAxx00x9637PfF0510_S41,PfDHPS:A437A,PfDHPS,PfDHPS,G,T,1487.0,642.77,GCG,A,GCT,A,437,exon2,100.0,32,2
18HAxx00x9646PfF0510_S35,PfDHPS:A437A,PfDHPS,PfDHPS,G,T,1487.0,2865.77,GCG,A,GCT,A,437,exon2,100.0,118,2
18HAxx00x9646PfF0510_S35,PfMDR1:I792I,PfMDR1,PfMDR1,T,C,2376.0,2360.77,ATT,I,ATC,I,792,exon1,100.0,95,2
18HAxx00x9647PfF0510_S12,PfCRT:G32G,PfCRT,PfCRT,C,A,368.0,1437.77,GGC,G,GGA,G,32,exon2,100.0,48,2
18HAxx00x9647PfF0510_S12,PfDHPS:A437A,PfDHPS,PfDHPS,G,T,1487.0,8771.77,GCG,A,GCT,A,437,exon2,100.0,341,2
18HAxx00x9647PfF0510_S12,PfMDR1:F984F,PfMDR1,PfMDR1,T,C,2952.0,2078.77,TTT,F,TTC,F,984,exon1,100.0,86,2
18HAxx00x9654PfF0510_S22,PfDHPS:K142K,PfDHPS,PfDHPS,G,A,602.0,2358.77,AAG,K,AAA,K,142,exon2,100.0,93,2
18HAxx00x9654PfF0510_S22,PfDHPS:A437A,PfDHPS,PfDHPS,G,T,1487.0,8031.77,GCG,A,GCT,A,437,exon2,100.0,324,2
18HAxx00x9654PfF0510_S22,PfMDR1:I792I,PfMDR1,PfMDR1,T,C,2376.0,496.79,ATT,I,ATC,I,792,exon1,91.66666666666666,25,2
18HAxx00x9656PfF0510_S73,PfDHFR:S52S,PfDHFR,PfDHFR,C,A,156.0,399.77,TCC,S,TCA,S,52,exon1,22.818791946308725,158,2
18HAxx00x9656PfF0510_S73,PfDHFR:I123L,PfDHFR,PfDHFR,A,T,367.0,594.77,ATA,I,TTA,L,123,exon1,40.0,84,2
18HAxx00x9667PfF0510_S47,PfDHPS:A437A,PfDHPS,PfDHPS,G,T,1487.0,713.77,GCG,A,GCT,A,437,exon2,100.0,30,2
18HAxx00x9667PfF0510_S47,PfMDR1:G1074S,PfMDR1,PfMDR1,G,A,3220.0,501.77,GGT,G,AGT,S,1074,exon1,100.0,22,2
18HAxx00x9696PfF0510_S5,PfDHPS:K142K,PfDHPS,PfDHPS,G,A,602.0,1129.77,AAG,K,AAA,K,142,exon2,100.0,45,2
18HAxx00x9696PfF0510_S5,PfDHPS:A437A,PfDHPS,PfDHPS,G,T,1487.0,5024.77,GCG,A,GCT,A,437,exon2,100.0,206,2
18HAxx00x9706PfF0510_S26,PfCRT:G32G,PfCRT,PfCRT,C,A,368.0,1837.77,GGC,G,GGA,G,32,exon2,100.0,59,2
18HAxx00x9706PfF0510_S26,PfDHPS:K142K,PfDHPS,PfDHPS,G,A,602.0,1162.77,AAG,K,AAA,K,142,exon2,100.0,43,2
18HAxx00x9706PfF0510_S26,PfDHPS:A437A,PfDHPS,PfDHPS,G,T,1487.0,3147.77,GCG,A,GCT,A,437,exon2,100.0,131,2
18HAxx00x9743PfF0510_S25,PfCRT:G32G,PfCRT,PfCRT,C,A,368.0,1627.77,GGC,G,GGA,G,32,exon2,100.0,55,2
18HAxx00x9743PfF0510_S25,PfDHPS:K142K,PfDHPS,PfDHPS,G,A,602.0,416.77,AAG,K,AAA,K,142,exon2,100.0,18,2
18HAxx00x9743PfF0510_S25,PfDHPS:A437A,PfDHPS,PfDHPS,G,T,1487.0,1394.77,GCG,A,GCT,A,437,exon2,100.0,58,2
18HAxx00x9748PfF0510_S39,PfDHPS:K142K,PfDHPS,PfDHPS,G,A,602.0,1031.77,AAG,K,AAA,K,142,exon2,100.0,39,2
18HAxx00x9748PfF0510_S39,PfDHPS:A437A,PfDHPS,PfDHPS,G,T,1487.0,3987.77,GCG,A,GCT,A,437,exon2,100.0,154,2
18HAxx00x9748PfF0510_S39,PfMDR1:I792I,PfMDR1,PfMDR1,T,C,2376.0,1021.77,ATT,I,ATC,I,792,exon1,100.0,43,2
18HAxx00x9750PfF0510_S13,PfDHPS:A437A,PfDHPS,PfDHPS,G,T,1487.0,3704.77,GCG,A,GCT,A,437,exon2,100.0,154,2
18HAxx00x9750PfF0510_S13,PfMDR1:F984F,PfMDR1,PfMDR1,T,C,2952.0,3664.77,TTT,F,TTC,F,984,exon1,100.0,146,2
18HAxx00x9769PfF0510_S67,PfDHPS:A437A,PfDHPS,PfDHPS,G,T,1487.0,1528.77,GCG,A,GCT,A,437,exon2,100.0,64,2
18HAxx00x9769PfF0510_S67,PfMDR1:F984F,PfMDR1,PfMDR1,T,C,2952.0,7938.77,TTT,F,TTC,F,984,exon1,100.0,312,2
18HAxx00x9780PfF0510_S55,PfDHPS:A437A,PfDHPS,PfDHPS,G,T,1487.0,2105.77,GCG,A,GCT,A,437,exon2,100.0,84,2
18HAxx00x9780PfF0510_S55,PfMDR1:F984F,PfMDR1,PfMDR1,T,C,2952.0,3537.77,TTT,F,TTC,F,984,exon1,100.0,145,2
18HAxx00x9785PfF0510_S46,PfDHPS:A437A,PfDHPS,PfDHPS,G,T,1487.0,1788.77,GCG,A,GCT,A,437,exon2,100.0,73,2
18HAxx00x9785PfF0510_S46,PfMDR1:F984F,PfMDR1,PfMDR1,T,C,2952.0,1319.77,TTT,F,TTC,F,984,exon1,100.0,53,2
18HAxx00x9788PfF0510_S85,PfDHPS:R413S,PfDHPS,PfDHPS,C,A,1413.0,40.77,CGT,R,AGT,S,413,exon2,40.0,12,2
18HAxx00x9788PfF0510_S85,PfDHPS:A437A,PfDHPS,PfDHPS,G,T,1487.0,614.77,GCG,A,GCT,A,437,exon2,100.0,26,2
18HAxx00x9788PfF0510_S85,PfMDR1:F984F,PfMDR1,PfMDR1,T,C,2952.0,268.77,TTT,F,TTC,F,984,exon1,100.0,12,2
18HAxx00x9791PfF0510_S32,PfDHPS:A437A,PfDHPS,PfDHPS,G,T,1487.0,4086.77,GCG,A,GCT,A,437,exon2,100.0,167,2
18HAxx00x9791PfF0510_S32,PfMDR1:F984F,PfMDR1,PfMDR1,T,C,2952.0,5759.77,TTT,F,TTC,F,984,exon1,100.0,221,2
18HAxx00x9794PfF0510_S70,PfMDR1:F984F,PfMDR1,PfMDR1,T,C,2952.0,1930.77,TTT,F,TTC,F,984,exon1,100.0,81,2
18HAxx00x9799PfF0510_S40,PfMDR1:F984F,PfMDR1,PfMDR1,T,C,2952.0,1429.77,TTT,F,TTC,F,984,exon1,100.0,57,2
18HAxx00x9805PfF0510_S50,PfDHPS:A437A,PfDHPS,PfDHPS,G,T,1487.0,298.77,GCG,A,GCT,A,437,exon2,100.0,12,2
18HAxx00x9805PfF0510_S50,PfMDR1:F984F,PfMDR1,PfMDR1,T,C,2952.0,2660.77,TTT,F,TTC,F,984,exon1,100.0,110,2
18HAxx00x9808PfF0510_S42,PfDHPS:A437A,PfDHPS,PfDHPS,G,T,1487.0,608.77,GCG,A,GCT,A,437,exon2,100.0,25,2
18HAxx00x9808PfF0510_S42,PfMDR1:F984F,PfMDR1,PfMDR1,T,C,2952.0,1276.77,TTT,F,TTC,F,984,exon1,100.0,56,2
18HAxx00x9816PfF0510_S21,PfDHPS:A437A,PfDHPS,PfDHPS,G,T,1487.0,4251.77,GCG,A,GCT,A,437,exon2,100.0,172,2
18HAxx00x9816PfF0510_S21,PfMDR1:F984F,PfMDR1,PfMDR1,T,C,2952.0,2553.77,TTT,F,TTC,F,984,exon1,100.0,101,2
18HAxx00x9817PfF0510_S94,PfCRT:L23L,PfCRT,PfCRT,T,C,162.0,52.77,TTA,L,CTA,L,23,exon1,66.66666666666666,6,2
18HAxx00x9817PfF0510_S94,PfDHPS:A437A,PfDHPS,PfDHPS,G,T,1487.0,21.77,GCG,A,GCT,A,437,exon2,100.0,2,2
18HAxx00x9817PfF0510_S94,PfMDR1:F984F,PfMDR1,PfMDR1,T,C,2952.0,4559.77,TTT,F,TTC,F,984,exon1,100.0,188,2
18HAxx00x9819PfF0510_S75,PfDHPS:A437A,PfDHPS,PfDHPS,G,T,1487.0,71.03,GCG,A,GCT,A,437,exon2,100.0,4,2
18HAxx00x9819PfF0510_S75,PfMDR1:F984F,PfMDR1,PfMDR1,T,C,2952.0,169.78,TTT,F,TTC,F,984,exon1,100.0,9,2
18HAxx00x9832PfF0510_S6,PfDHPS:A437A,PfDHPS,PfDHPS,G,T,1487.0,8541.77,GCG,A,GCT,A,437,exon2,100.0,344,2
18HAxx00x9832PfF0510_S6,PfMDR1:F984F,PfMDR1,PfMDR1,T,C,2952.0,5688.77,TTT,F,TTC,F,984,exon1,100.0,224,2
18HAxx00x9838PfF0510_S54,PfDHPS:A437A,PfDHPS,PfDHPS,G,T,1487.0,1542.77,GCG,A,GCT,A,437,exon2,100.0,63,2
18HAxx00x9838PfF0510_S54,PfMDR1:F984F,PfMDR1,PfMDR1,T,C,2952.0,5387.77,TTT,F,TTC,F,984,exon1,100.0,225,2
18HAxx00x9844PfF0510_S49,PfDHPS:A437A,PfDHPS,PfDHPS,G,T,1487.0,403.77,GCG,A,GCT,A,437,exon2,100.0,16,2
18HAxx00x9844PfF0510_S49,PfMDR1:F984F,PfMDR1,PfMDR1,T,C,2952.0,3716.77,TTT,F,TTC,F,984,exon1,100.0,149,2
18HAxx00x9855PfF0510_S83,PfCRT:I189F,PfCRT,PfCRT,A,T,1188.0,21.77,ATT,I,TTT,F,189,exon4,100.0,2,2
18HAxx00x9855PfF0510_S83,PfDHPS:A437A,PfDHPS,PfDHPS,G,T,1487.0,71.03,GCG,A,GCT,A,437,exon2,100.0,4,2
18HAxx00x9855PfF0510_S83,PfMDR1:F984F,PfMDR1,PfMDR1,T,C,2952.0,306.77,TTT,F,TTC,F,984,exon1,100.0,12,2
18HAxx00x9859PfF0510_S60,PfDHPS:A437A,PfDHPS,PfDHPS,G,T,1487.0,1391.77,GCG,A,GCT,A,437,exon2,100.0,64,2
18HAxx00x9859PfF0510_S60,PfMDR1:F984F,PfMDR1,PfMDR1,T,C,2952.0,6677.77,TTT,F,TTC,F,984,exon1,100.0,268,2
18HAxx00x9866PfF0510_S61,PfDHPS:A437A,PfDHPS,PfDHPS,G,T,1487.0,663.77,GCG,A,GCT,A,437,exon2,100.0,31,2
18HAxx00x9866PfF0510_S61,PfMDR1:F984F,PfMDR1,PfMDR1,T,C,2952.0,3372.77,TTT,F,TTC,F,984,exon1,100.0,128,2
18HAxx00x9867PfF0510_S11,PfDHPS:A437A,PfDHPS,PfDHPS,G,T,1487.0,7124.77,GCG,A,GCT,A,437,exon2,100.0,288,2
18HAxx00x9867PfF0510_S11,PfMDR1:F984F,PfMDR1,PfMDR1,T,C,2952.0,3278.77,TTT,F,TTC,F,984,exon1,100.0,133,2
18HAxx00x9869PfF0510_S38,PfDHPS:A437A,PfDHPS,PfDHPS,G,T,1487.0,723.77,GCG,A,GCT,A,437,exon2,100.0,32,2
18HAxx00x9869PfF0510_S38,PfMDR1:F984F,PfMDR1,PfMDR1,T,C,2952.0,113.9,TTT,F,TTC,F,984,exon1,100.0,5,2
18HAxx00x9873PfF0510_S33,PfDHPS:A437A,PfDHPS,PfDHPS,G,T,1487.0,2860.77,GCG,A,GCT,A,437,exon2,100.0,111,2
18HAxx00x9873PfF0510_S33,PfMDR1:F984F,PfMDR1,PfMDR1,T,C,2952.0,7484.77,TTT,F,TTC,F,984,exon1,100.0,299,2
18HAxx00x9897PfF0510_S78,PfMDR1:F984F,PfMDR1,PfMDR1,T,C,2952.0,119.84,TTT,F,TTC,F,984,exon1,100.0,6,2
18HAxx00x9903PfF0510_S76,PfMDR1:F984F,PfMDR1,PfMDR1,T,C,2952.0,112.9,TTT,F,TTC,F,984,exon1,100.0,5,2
18HAxx00x9913PfF0510_S89,PfDHPS:A437A,PfDHPS,PfDHPS,G,T,1487.0,268.77,GCG,A,GCT,A,437,exon2,100.0,12,2
18HAxx00x9916PfF0510_S36,PfCRT:G32G,PfCRT,PfCRT,C,A,368.0,733.77,GGC,G,GGA,G,32,exon2,100.0,32,2
18HAxx00x9916PfF0510_S36,PfDHPS:A437A,PfDHPS,PfDHPS,G,T,1487.0,2595.77,GCG,A,GCT,A,437,exon2,100.0,104,2
18HAxx00x9916PfF0510_S36,PfMDR1:I792I,PfMDR1,PfMDR1,T,C,2376.0,163.8,ATT,I,ATC,I,792,exon1,100.0,8,2
18HAxx00x9918PfF0510_S20,PfDHPS:K142K,PfDHPS,PfDHPS,G,A,602.0,3079.77,AAG,K,AAA,K,142,exon2,98.3739837398374,126,2
18HAxx00x9918PfF0510_S20,PfDHPS:A437A,PfDHPS,PfDHPS,G,T,1487.0,6873.77,GCG,A,GCT,A,437,exon2,100.0,287,2
18HAxx00x9918PfF0510_S20,PfDHPS:I594I,PfDHPS,PfDHPS,A,C,1958.0,6215.77,ATA,I,ATC,I,594,exon2,100.0,244,2
18HAxx00x9918PfF0510_S20,PfMDR1:F984F,PfMDR1,PfMDR1,T,C,2952.0,1776.77,TTT,F,TTC,F,984,exon1,100.0,70,2
18HAxx00x9919PfF0510_S52,PfCRT:I155I,PfCRT,PfCRT,C,T,916.0,6936.77,ATC,I,ATT,I,155,exon3,96.53979238754326,299,2
18HAxx00x9919PfF0510_S52,PfDHPS:A437A,PfDHPS,PfDHPS,G,T,1487.0,114.9,GCG,A,GCT,A,437,exon2,100.0,6,2
18HAxx00x9919PfF0510_S52,PfDHPS:D539G,PfDHPS,PfDHPS,A,G,1792.0,21.77,GAT,D,GGT,G,539,exon2,100.0,2,2
18HAxx00x9924PfF0510_S58,PfDHPS:A437A,PfDHPS,PfDHPS,G,T,1487.0,1327.77,GCG,A,GCT,A,437,exon2,100.0,60,2
18HAxx00x9924PfF0510_S58,PfMDR1:G1074S,PfMDR1,PfMDR1,G,A,3220.0,3219.77,GGT,G,AGT,S,1074,exon1,100.0,137,2
18HAxx00x9930PfF0510_S29,PfDHPS:A437A,PfDHPS,PfDHPS,G,T,1487.0,1338.77,GCG,A,GCT,A,437,exon2,100.0,56,2
18HAxx00x9934PfF0510_S14,PfDHPS:A437A,PfDHPS,PfDHPS,G,T,1487.0,6833.77,GCG,A,GCT,A,437,exon2,100.0,278,2
18HAxx00x9934PfF0510_S14,PfMDR1:F984F,PfMDR1,PfMDR1,T,C,2952.0,3345.77,TTT,F,TTC,F,984,exon1,100.0,133,2
18HAxx00x9943PfF0510_S53,PfDHPS:K142K,PfDHPS,PfDHPS,G,A,602.0,405.77,AAG,K,AAA,K,142,exon2,100.0,16,2
18HAxx00x9943PfF0510_S53,PfDHPS:A437A,PfDHPS,PfDHPS,G,T,1487.0,1768.77,GCG,A,GCT,A,437,exon2,100.0,73,2
18HAxx00x9943PfF0510_S53,PfMDR1:I792I,PfMDR1,PfMDR1,T,C,2376.0,954.77,ATT,I,ATC,I,792,exon1,100.0,41,2
18HAxx00x9944PfF0510_S84,PfDHPS:K142K,PfDHPS,PfDHPS,G,A,602.0,218.77,AAG,K,AAA,K,142,exon2,100.0,10,2
18HAxx00x9944PfF0510_S84,PfDHPS:A437A,PfDHPS,PfDHPS,G,T,1487.0,1491.77,GCG,A,GCT,A,437,exon2,100.0,62,2
18HAxx00x9950PfF0510_S64,PfDHPS:A437A,PfDHPS,PfDHPS,G,T,1487.0,1250.77,GCG,A,GCT,A,437,exon2,100.0,52,2
18HAxx00x9950PfF0510_S64,PfDHPS:P442T,PfDHPS,PfDHPS,C,A,1500.0,40.77,CCT,P,ACT,T,442,exon2,18.6046511627907,42,2
18HAxx00x9950PfF0510_S64,PfMDR1:E501D,PfMDR1,PfMDR1,A,T,1503.0,19.81,GAA,E,GAT,D,501,exon1,23.52941176470588,17,2
18HAxx00x9953PfF0510_S10,PfDHPS:K142K,PfDHPS,PfDHPS,G,A,602.0,746.03,AAG,K,AAA,K,142,exon2,89.1891891891892,37,2
18HAxx00x9953PfF0510_S10,PfDHPS:A437A,PfDHPS,PfDHPS,G,T,1487.0,4402.77,GCG,A,GCT,A,437,exon2,100.0,177,2
18HAxx00x9955PfF0510_S3,PfDHPS:A437A,PfDHPS,PfDHPS,G,T,1487.0,11360.77,GCG,A,GCT,A,437,exon2,100.0,441,2
18HAxx00x9955PfF0510_S3,PfMDR1:F984F,PfMDR1,PfMDR1,T,C,2952.0,5734.77,TTT,F,TTC,F,984,exon1,100.0,225,2
18HAxx00x9973PfF0510_S69,PfDHPS:K142K,PfDHPS,PfDHPS,G,A,602.0,1283.77,AAG,K,AAA,K,142,exon2,100.0,51,2
18HAxx00x9973PfF0510_S69,PfDHPS:A437A,PfDHPS,PfDHPS,G,T,1487.0,4094.77,GCG,A,GCT,A,437,exon2,100.0,174,2
18HAxx00x9973PfF0510_S69,PfMDR1:S232F,PfMDR1,PfMDR1,C,T,695.0,2856.77,TCC,S,TTC,F,232,exon1,100.0,115,2
18HAxx00x9975PfF0510_S56,PfDHPS:K142K,PfDHPS,PfDHPS,G,A,602.0,21.77,AAG,K,AAA,K,142,exon2,100.0,2,2
18HAxx00x9975PfF0510_S56,PfDHPS:A437A,PfDHPS,PfDHPS,G,T,1487.0,114.9,GCG,A,GCT,A,437,exon2,100.0,5,2
18HAxx00x9975PfF0510_S56,PfMDR1:I792I,PfMDR1,PfMDR1,T,C,2376.0,148.77,ATT,I,ATC,I,792,exon1,30.0,41,2
18HAxx00x9978PfF0510_S59,PfDHPS:A437A,PfDHPS,PfDHPS,G,T,1487.0,1207.77,GCG,A,GCT,A,437,exon2,100.0,51,2
18HAxx00x9984PfF0510_S43,PfCRT:G32G,PfCRT,PfCRT,C,A,368.0,1353.77,GGC,G,GGA,G,32,exon2,100.0,53,2
18HAxx00x9984PfF0510_S43,PfDHPS:A437A,PfDHPS,PfDHPS,G,T,1487.0,1440.77,GCG,A,GCT,A,437,exon2,100.0,56,2
18HAxx00x9994PfF0510_S65,PfCRT:G32G,PfCRT,PfCRT,C,A,368.0,1918.77,GGC,G,GGA,G,32,exon2,92.7710843373494,88,2
18HAxx00x9994PfF0510_S65,PfDHPS:A437A,PfDHPS,PfDHPS,G,T,1487.0,7089.77,GCG,A,GCT,A,437,exon2,100.0,289,2
18HAxx00x9994PfF0510_S65,PfMDR1:F984F,PfMDR1,PfMDR1,T,C,2952.0,4234.77,TTT,F,TTC,F,984,exon1,94.53551912568307,189,2
